idle_CPU_usage,peak_CPU_usage,avg_throughput_TPS,peak_throughput_TPS,RAM_size_GB
-1.0046989646986333,-1.2500175537495006,-1.6194071578441227,-5.628298834684609,-1.3330681595382234
-0.8068370241671738,-1.1064061545633446,-1.0438831755620102,-5.636163940275689,-1.1294095553315093
-0.9387449845214801,-0.9627947553771883,-1.046986266366834,-6.656658826910088,-1.3079055765111127
1.1058284009702681,0.8562829676474568,-1.9162764955680989,-7.069776917827026,-1.1632897569911156
-1.0046989646986333,0.9520239004382277,-1.4521244103722422,-6.941189683230133,-1.1133995962638477
-1.0706529448757867,0.9998943668336132,-1.15497173278131,-7.032520009690471,-1.2195652483520185
0.9739204406159616,1.0477648332289986,-1.180874634374295,-5.650918428937053,-1.1632897569911156
0.6441505397301959,-0.9627947553771883,-1.5227430436126008,-5.6896294587780005,-1.3079055765111127
1.0398744207931148,-0.9149242889818028,-1.1887008503772292,-6.98176698265074,-1.284103814830532
-0.9387449845214801,-1.1064061545633446,-1.5803996918805683,-5.637257039744005,-1.3079055765111127
-1.202560905230093,1.143505766019769,-1.39567072032221,-5.654907193698397,-1.3330681595382234
0.8420124802616555,1.1913762324151544,-1.2949681592852604,-7.0952840825015375,-1.3330681595382234
1.0398744207931148,-1.15427662095873,-1.3219052873892494,-7.217552583776769,-1.1460238046176758
-0.8727910043443271,-1.3457584865402714,-1.1353051541452803,-7.025970480175088,-1.3079055765111127
-0.9387449845214801,-0.38834915863256353,-1.341328215499618,-5.674723725689622,-1.2615232060967974
1.0398744207931148,0.6648011020659151,-1.2509286209729789,-5.722273145460418,-1.284103814830532
-1.0706529448757867,-0.8670538225864174,-1.2204748114337167,-7.134468412689459,-1.2400445387520846
-0.9387449845214801,1.0477648332289986,-1.1566394234630375,-7.0389746990282545,-1.1460238046176758
1.1058284009702681,1.1913762324151544,-1.1035504684444726,-5.617799435964899,-1.097951507540559
0.7101045199073491,1.2392466988105397,-1.2026227917710066,-5.61850330543689,-1.1632897569911156
-1.0706529448757867,-0.3404786922371781,-1.2180861292447387,-7.050088925737818,-1.1999964553914229
-1.202560905230093,1.0956352996243834,-1.0462037171822811,-5.680050699684587,-1.1999964553914229
-1.202560905230093,-0.9627947553771883,-1.5741272549234575,-7.141125047067574,-1.2615232060967974
0.9079664604388084,-0.9627947553771883,-1.1991087454043075,-5.7421140332783285,-1.284103814830532
-1.0046989646986333,-1.393628952935657,-1.2881642370326325,-7.110753196655027,-1.2400445387520846
0.9739204406159616,-1.1064061545633446,-1.186671388387477,-5.654810950402509,-1.3881681485850343
-0.8727910043443271,0.7126715684613005,-1.2249393157450086,-6.897867268849969,-1.2195652483520185
-0.9387449845214801,-1.2978880201448861,-1.2796228716493594,-7.019941331089081,-1.1812606340228757
1.1717823811474213,1.2392466988105397,-1.064807362682735,-7.106056116475168,-1.2615232060967974
1.0398744207931148,1.3349876316013107,-1.2945240255961301,-5.593744885821349,-1.1999964553914229
1.0398744207931148,-0.9627947553771883,-1.3277197731433572,-6.967009713611359,-1.284103814830532
1.3036903415017274,-0.6277014906094908,-1.0556450749885193,-5.720107551995959,-1.1460238046176758
-1.0706529448757867,-0.5798310242141053,-1.2652128689518383,-7.102283336788028,-1.1632897569911156
0.7101045199073491,-0.5798310242141053,-1.046802957505682,-5.590426207570907,-1.1294095553315093
0.9079664604388084,-0.9627947553771883,-1.0770811155533386,-7.204393687522392,-1.284103814830532
0.9739204406159616,-0.7234424234002611,-1.4632420099284136,-6.988721211424945,-1.1632897569911156
1.0398744207931148,0.7126715684613005,-1.4759977917383318,-5.68697056951946,-1.1294095553315093
-0.8068370241671738,1.1913762324151544,-1.0994512757664165,-7.099946514767915,-1.1460238046176758
-0.4111131431042549,0.8562829676474568,-1.0529041381651503,-5.676236756179356,-1.3330681595382234
-1.1366069250529396,-1.393628952935657,-1.5419131741475653,-7.080873405225492,-1.1133995962638477
0.7760585000845023,-0.8670538225864174,-1.5523447761296048,-5.733860711189571,-1.3597566552024791
0.5781965595530426,0.7605420348566859,-1.0474032397350237,-5.636971804302861,-1.1999964553914229
-0.9387449845214801,-1.15427662095873,-1.3389513673766202,-6.820783571434782,-1.1294095553315093
-0.8068370241671738,-0.7713128897956465,-1.1503311133717642,-5.649910951648899,-1.1133995962638477
-0.9387449845214801,0.8084125012520714,-1.0750139878082918,-5.597441191833923,-1.1460238046176758
-0.7408830439900207,0.6169306356705296,-1.1805308865367816,-5.610312573070314,-1.1812606340228757
-1.0706529448757867,1.1913762324151544,-1.129075503218486,-7.069776917827026,-1.3597566552024791
-1.3344688655843993,0.9520239004382277,-1.2039859499205359,-5.840930004196787,-1.1632897569911156
0.9739204406159616,0.8562829676474568,-1.321609732043279,-5.637637440532974,-1.3330681595382234
-1.1366069250529396,0.9998943668336132,-1.777949309293504,-7.206625125017122,-1.3079055765111127
0.5781965595530426,-1.2021470873541151,-1.1467520162157911,-5.719252274013465,-1.3597566552024791
-0.9387449845214801,-0.8191833561910319,-1.3653292781126338,-5.680393465266352,-1.3330681595382234
0.9739204406159616,0.6648011020659151,-1.2693143449290738,-7.0797215665164694,-1.3881681485850343
-1.0706529448757867,1.143505766019769,-1.1211745151985513,-7.0788263209708155,-1.1632897569911156
1.2377363613245744,0.9998943668336132,-1.2507180411754002,-5.597024889056014,-1.284103814830532
-1.202560905230093,0.8562829676474568,-1.1690425562045252,-7.202583157138584,-1.3881681485850343
-1.0046989646986333,0.8562829676474568,-1.1085346225473527,-5.724492437943311,-1.2615232060967974
0.7760585000845023,0.8562829676474568,-1.413080959960407,-7.028685580300911,-1.2400445387520846
-0.7408830439900207,-0.9149242889818028,-1.3083161807878811,-5.656207100695485,-1.284103814830532
-1.0706529448757867,1.0477648332289986,-1.1895311006388958,-5.6002195870781515,-1.3079055765111127
-1.0046989646986333,0.4254487700889884,-1.1823517283306197,-5.659293001438562,-1.1812606340228757
0.8420124802616555,0.9998943668336132,-1.3542751965967967,-5.689974485078817,-1.284103814830532
1.3036903415017274,-1.15427662095873,-1.3889183111406802,-7.162226735090545,-1.097951507540559
-1.202560905230093,1.2392466988105397,-1.1729096907333758,-5.627354090493229,-1.3079055765111127
-1.4004228457615524,-0.7234424234002611,-1.5380206924531108,-5.6241936526934335,-1.1460238046176758
0.9739204406159616,1.0956352996243834,-1.9547252997654208,-5.71112706301403,-1.3079055765111127
-0.6089750836357144,0.6648011020659151,-1.6443471117829094,-5.793539813542054,-1.2615232060967974
0.7101045199073491,0.8562829676474568,-1.7180871016730386,-5.645601063594821,-1.2195652483520185
0.9079664604388084,0.377578303693603,-1.2419290656955893,-7.090249891153606,-1.1294095553315093
-0.6749290638128675,-1.3457584865402714,-1.1218985392429217,-7.227287962253278,-1.1294095553315093
1.2377363613245744,-1.4893698857264275,-1.269028821356003,-5.717292060335513,-1.1999964553914229
-1.1366069250529396,-1.0106652217725738,-1.068814808991718,-5.572671170023363,-1.1632897569911156
-0.9387449845214801,0.8562829676474568,-1.064824915013374,-5.657604589867272,-1.2195652483520185
-0.9387449845214801,-1.1064061545633446,-1.1892792987406164,-6.7121535649993325,-1.3881681485850343
0.9739204406159616,1.143505766019769,-1.2984728716943599,-6.991488138485259,-1.1632897569911156
1.0398744207931148,-0.5798310242141053,-1.1414519929691573,-6.927411733233381,-1.284103814830532
-0.8727910043443271,-0.7713128897956465,-1.620546438577559,-5.707380678452431,-1.2195652483520185
0.9739204406159616,0.7605420348566859,-1.3234982468545085,-5.65548478699338,-1.097951507540559
-0.8727910043443271,1.0477648332289986,-1.9021001992592104,-5.636591577207218,-1.083027184917194
-0.8068370241671738,0.9998943668336132,-1.977407723300235,-5.73452129255047,-1.3330681595382234
1.1717823811474213,-1.3457584865402714,-1.9483147204355624,-7.232819473756625,-1.2400445387520846
-1.1366069250529396,-1.1064061545633446,-1.8504144088242864,-7.057251814151865,-1.3330681595382234
-1.1366069250529396,0.9998943668336132,-1.982128679034897,-5.718950531002934,-1.1999964553914229
1.3696443216788807,0.8084125012520714,-1.327043851651225,-5.649719130158013,-1.3079055765111127
0.7760585000845023,1.2392466988105397,-1.4441334912197832,-5.6167677086574805,-1.2195652483520185
1.1717823811474213,-1.393628952935657,-1.0638958689817704,-6.9719914253076185,-1.1999964553914229
-0.8068370241671738,-1.2021470873541151,-1.2708092610488062,-7.03599205866076,-1.083027184917194
0.9079664604388084,0.7605420348566859,-1.4881046640729447,-7.117696011423559,-1.3597566552024791
-0.8727910043443271,-1.3457584865402714,-1.4430818743012268,-5.686085350082314,-1.097951507540559
0.5122425793758896,-0.9149242889818028,-1.5142518998125576,-6.993536640388777,-1.1632897569911156
-0.9387449845214801,-0.9149242889818028,-1.4680620750375555,-5.7062835634525735,-1.2195652483520185
1.1058284009702681,-0.6277014906094908,-1.0471863507348953,-5.693626911104196,-1.1460238046176758
-1.202560905230093,-1.2021470873541151,-1.862938543206799,-7.060152101603874,-1.2400445387520846
-1.268514885407246,-1.058535688167959,-1.1005785775004535,-5.637589885003602,-1.1812606340228757
-0.6749290638128675,0.7605420348566859,-1.1034719321458113,-5.721618091690494,-1.1999964553914229
1.1058284009702681,1.0477648332289986,-1.1071627445492749,-6.969498440695112,-1.3597566552024791
1.0398744207931148,0.7605420348566859,-1.4034928259270782,-7.064323491841433,-1.097951507540559
1.1058284009702681,-0.8191833561910319,-1.5945160976494686,-7.0066183448375305,-1.1460238046176758
-1.202560905230093,-1.1064061545633446,-1.1222922176520367,-7.106316668570294,-1.1999964553914229
-1.0706529448757867,1.143505766019769,-1.0721872632437868,-5.585783539681282,-1.1812606340228757
-1.0046989646986333,1.2871171652059252,-1.182919627478931,-5.721970776362091,-1.3597566552024791
-0.8727910043443271,-1.2021470873541151,-1.0891286927252242,-5.6977344727093335,-1.3079055765111127
0.8420124802616555,1.0477648332289986,-1.1950665236000586,-5.639493317698671,-1.284103814830532
-1.0046989646986333,0.2818373709028321,-1.1785731519603893,-6.821426341950603,-1.1812606340228757
-0.8727910043443271,-0.9149242889818028,-1.1113751780332943,-5.578961347918682,-1.3330681595382234
-1.0706529448757867,0.8562829676474568,-1.0439657840297139,-6.846936206821218,-1.2615232060967974
1.2377363613245744,-0.8191833561910319,-1.3447862013777159,-5.653848866876338,-1.1632897569911156
0.8420124802616555,1.478599030787467,-1.1712811708863509,-6.761492076822096,-1.1999964553914229
0.9739204406159616,1.0956352996243834,-1.1883492252963483,-5.608819805192633,-1.1999964553914229
1.2377363613245744,0.5211897028797587,-1.3950762969747126,-5.717744183364371,-1.2615232060967974
0.9079664604388084,0.7605420348566859,-1.362532400109628,-5.880500782546093,-1.097951507540559
0.8420124802616555,-1.1064061545633446,-1.4882841522846437,-5.757367606285908,-1.1632897569911156
1.0398744207931148,0.9520239004382277,-1.2246324431748719,-5.698676388661879,-1.1999964553914229
-0.6089750836357144,-1.0106652217725738,-1.0761004068117705,-7.288582612703957,-1.3597566552024791
0.9079664604388084,-0.9149242889818028,-1.1529720161438373,-6.996554383989792,-1.3597566552024791
-0.8068370241671738,1.4307285643920815,-1.2077891831263592,-6.871347361337888,-1.2615232060967974
-1.202560905230093,-1.4893698857264275,-1.5652636345031188,-5.822026051900543,-1.1632897569911156
-1.268514885407246,-1.058535688167959,-1.0747790469571519,-7.138059218278356,-1.2195652483520185
1.1717823811474213,0.9520239004382277,-1.941798339902085,-5.704888428795581,-1.1133995962638477
1.1058284009702681,-1.0106652217725738,-1.8512696125497297,-7.057881820587756,-1.3330681595382234
0.9079664604388084,-1.15427662095873,-1.7226584049638543,-5.723231061716229,-1.083027184917194
-1.202560905230093,-0.8670538225864174,-2.0176710090949013,-7.080361364508994,-1.1632897569911156
0.9079664604388084,0.7126715684613005,-1.5305678301461945,-5.621745491069078,-1.1812606340228757
1.1058284009702681,0.8084125012520714,-1.1917295610862273,-7.166565459141564,-1.3597566552024791
-1.0046989646986333,0.8084125012520714,-1.0821006927503356,-5.617564888336934,-1.3079055765111127
1.1717823811474213,0.9998943668336132,-1.0885453644714376,-7.019204779208776,-1.1460238046176758
0.9739204406159616,-1.058535688167959,-1.6435955565094105,-7.185150522510692,-1.3881681485850343
1.0398744207931148,-0.9627947553771883,-1.1875718989999844,-5.681618286619838,-1.1294095553315093
-0.6089750836357144,-1.2978880201448861,-1.1831173767890855,-7.115334363157073,-1.3881681485850343
-1.0706529448757867,1.1913762324151544,-1.8928983267023445,-7.077931625065053,-1.284103814830532
1.2377363613245744,1.0477648332289986,-1.5028293909413157,-5.676627470804436,-1.1999964553914229
-0.9387449845214801,0.8084125012520714,-1.1702076823355723,-5.587804270080493,-1.1133995962638477
-0.9387449845214801,0.9520239004382277,-1.38481403846066,-5.6175179833410605,-1.3079055765111127
-1.0706529448757867,-0.6277014906094908,-1.1678576914015428,-5.740173868362836,-1.3881681485850343
-0.8068370241671738,0.6169306356705296,-1.0681761550699456,-7.060404573514444,-1.1294095553315093
1.0398744207931148,-0.8191833561910319,-1.1012411249348393,-5.623251565280359,-1.2615232060967974
-1.0706529448757867,0.8084125012520714,-1.520502037406507,-7.070539486062199,-1.3330681595382234
-1.1366069250529396,-1.2978880201448861,-1.2079485640174379,-7.06901474842463,-1.3330681595382234
-0.8727910043443271,0.8084125012520714,-1.0485567062069485,-5.6293387611944565,-1.2400445387520846
1.0398744207931148,1.5264694971828525,-1.0570838143660748,-7.158170879802911,-1.2615232060967974
1.0398744207931148,1.0956352996243834,-1.217430080463144,-5.707330791665914,-1.1999964553914229
-0.7408830439900207,-1.0106652217725738,-1.3676000854028552,-7.0547345085264865,-1.083027184917194
0.8420124802616555,0.6169306356705296,-1.0790509302520483,-5.747129569966614,-1.3330681595382234
1.1717823811474213,1.143505766019769,-1.5123217108448155,-5.651350418228187,-1.3881681485850343
0.9079664604388084,0.8084125012520714,-1.4623526310629102,-5.645361998701956,-1.1460238046176758
1.1717823811474213,-0.7713128897956465,-1.8737339688555041,-5.78367608606023,-1.1812606340228757
1.1058284009702681,-1.0106652217725738,-1.3188511366862892,-5.6904182103897805,-1.3881681485850343
0.7101045199073491,-0.8670538225864174,-1.5403787468776364,-5.646701267519642,-1.1294095553315093
-1.1366069250529396,0.9041534340428423,-1.60838591459676,-7.003458296520995,-1.1133995962638477
1.0398744207931148,-1.2500175537495006,-1.1337586026351685,-5.58179623342812,-1.1460238046176758
-0.8727910043443271,0.7605420348566859,-1.2211366770903946,-6.98416124567871,-1.3597566552024791
1.3696443216788807,-1.2021470873541151,-1.5839342581944325,-7.116383512132672,-1.1460238046176758
1.1058284009702681,1.2871171652059252,-1.637641295126493,-5.657701017848392,-1.097951507540559
-1.3344688655843993,-0.9627947553771883,-1.3449837215887372,-7.199524297794744,-1.1133995962638477
-0.9387449845214801,0.8562829676474568,-1.4497076546788519,-6.938748795309722,-1.284103814830532
0.9079664604388084,-0.7713128897956465,-1.0950743081588001,-5.678386984135639,-1.2195652483520185
0.8420124802616555,0.8562829676474568,-1.241196899396188,-6.783353317859051,-1.097951507540559
-1.0046989646986333,-0.7234424234002611,-1.121567368409445,-5.683334767837513,-1.3330681595382234
-0.8068370241671738,-1.0106652217725738,-1.0427451926293654,-5.785622441767816,-1.1999964553914229
0.6441505397301959,0.7126715684613005,-1.1956813867499785,-5.708129185256171,-1.1460238046176758
0.8420124802616555,1.0956352996243834,-1.5322630391271992,-6.77212271215914,-1.3330681595382234
-1.268514885407246,0.7605420348566859,-1.4068326483191274,-7.021907291406358,-1.1999964553914229
-0.7408830439900207,0.8562829676474568,-1.2633673842876847,-6.92349898450499,-1.2400445387520846
1.2377363613245744,0.8084125012520714,-1.562507316918723,-5.588355865026672,-1.1632897569911156
0.7760585000845023,-1.4414994193310424,-1.1915521546611831,-5.746155820104675,-1.3597566552024791
-1.0046989646986333,-0.7234424234002611,-1.460856980056237,-6.949589617321175,-1.3881681485850343
1.0398744207931148,-1.1064061545633446,-1.2164483388515783,-5.635166608517248,-1.3330681595382234
-0.6749290638128675,0.9041534340428423,-1.2526178992909065,-5.597903890000744,-1.1632897569911156
0.8420124802616555,0.9998943668336132,-1.3747188029131012,-5.598968653644718,-1.2615232060967974
1.3036903415017274,-1.15427662095873,-1.0596852928134672,-5.6262212053383545,-1.1460238046176758
-0.9387449845214801,1.0477648332289986,-1.1846537865297266,-7.217974511453555,-1.3079055765111127
-0.8727910043443271,-1.1064061545633446,-1.8008500731940087,-6.784188667761066,-1.1294095553315093
0.9079664604388084,0.9998943668336132,-1.7783650174321428,-5.842133363360263,-1.2615232060967974
-1.1366069250529396,-0.5798310242141053,-2.0588554201378257,-5.653512287643656,-1.2195652483520185
1.3696443216788807,-1.2021470873541151,-1.2002501398594068,-5.718095931613494,-1.1999964553914229
-0.7408830439900207,1.143505766019769,-1.217348161951091,-7.115465465479519,-1.1294095553315093
0.7760585000845023,-0.5798310242141053,-1.1767478036910655,-6.940143087743465,-1.097951507540559
-0.9387449845214801,0.8562829676474568,-1.0796550666697,-7.145133671998071,-1.1133995962638477
0.9079664604388084,-1.5851108185171985,-1.2394751183475214,-6.853384063452861,-1.2615232060967974
-0.9387449845214801,0.9520239004382277,-1.468287910249158,-5.776178028515364,-1.3881681485850343
-0.9387449845214801,1.143505766019769,-1.0536680499966318,-5.6024461235909895,-1.3079055765111127
-0.6749290638128675,-1.2500175537495006,-1.2279105145773292,-7.183226373396073,-1.2195652483520185
0.3803346190215831,-0.7713128897956465,-1.6919697640685039,-7.220508646142481,-1.284103814830532
0.7101045199073491,0.9520239004382277,-1.1856984785251186,-5.66112835163603,-1.3079055765111127
1.1058284009702681,-1.3457584865402714,-1.8454955727565985,-5.6193483978139005,-1.3330681595382234
-1.0706529448757867,-0.9149242889818028,-1.0470029356359594,-6.7383336346663745,-1.1812606340228757
-1.0706529448757867,1.2392466988105397,-1.3301338238742981,-7.111799051451266,-1.3079055765111127
0.7101045199073491,-1.2021470873541151,-1.6131644762452362,-6.9199406113621205,-1.3597566552024791
1.0398744207931148,1.0477648332289986,-1.2931610330345857,-7.203557778590776,-1.1812606340228757
-0.7408830439900207,-0.3404786922371781,-1.2781870657078411,-5.754891539938712,-1.2400445387520846
-1.1366069250529396,1.3349876316013107,-1.4749022307720514,-6.925569130978518,-1.3079055765111127
-0.8727910043443271,0.9520239004382277,-1.9776545917894284,-7.0956720492778,-1.3881681485850343
1.1717823811474213,0.9041534340428423,-1.097130548447937,-5.639255252603447,-1.097951507540559
1.1058284009702681,-1.2978880201448861,-1.1225825840000416,-7.111276030229265,-1.097951507540559
-1.0706529448757867,-0.9149242889818028,-1.2508383567603176,-7.184050697655346,-1.2400445387520846
1.1717823811474213,-1.2500175537495006,-1.34093744514955,-5.585095294270513,-1.1632897569911156
1.1717823811474213,-0.8191833561910319,-1.2395042296563987,-5.6557255184491435,-1.083027184917194
-1.202560905230093,0.9041534340428423,-1.0683889084690226,-5.655581074803661,-1.1632897569911156
-0.5430211034585611,0.8084125012520714,-1.454449669283238,-5.6336956032381105,-1.2400445387520846
-1.202560905230093,-1.058535688167959,-1.3094907892434624,-6.9606295781837595,-1.1812606340228757
0.9739204406159616,0.9998943668336132,-1.1930757474579032,-7.2682029623767,-1.1460238046176758
-0.7408830439900207,-0.8191833561910319,-1.234618938540574,-6.85645407438413,-1.3330681595382234
-1.202560905230093,-0.7713128897956465,-1.0997230462580423,-7.0524726453876605,-1.3597566552024791
0.9079664604388084,-0.9627947553771883,-1.735765243367675,-5.649383503293906,-1.3597566552024791
-1.0046989646986333,-1.0106652217725738,-1.3051328674793534,-5.634691928427005,-1.1999964553914229
-1.0706529448757867,-1.2021470873541151,-1.3535047851218867,-5.689974485078817,-1.1632897569911156
1.2377363613245744,-1.2500175537495006,-1.0550473653019723,-6.7846065223486365,-1.3079055765111127
0.8420124802616555,0.377578303693603,-1.6272831511962746,-5.67379716029677,-1.2615232060967974
0.9079664604388084,0.6648011020659151,-1.2136818028854257,-6.776375997430179,-1.1632897569911156
-0.9387449845214801,1.0477648332289986,-1.1979453002223825,-5.645314190429255,-1.3881681485850343
0.9739204406159616,-0.9627947553771883,-1.3614531176684375,-5.65538850554482,-1.1133995962638477
-0.8727910043443271,-1.3457584865402714,-1.210107438613882,-7.180893317033849,-1.3079055765111127
1.1058284009702681,-1.1064061545633446,-1.2936374685901335,-5.676774015800536,-1.2615232060967974
-1.0706529448757867,0.7605420348566859,-1.3034119918545621,-5.66180511639636,-1.3597566552024791
-0.9387449845214801,-1.3457584865402714,-1.3507213448944955,-6.830994215198962,-1.1460238046176758
1.1717823811474213,0.9041534340428423,-1.168520714642899,-7.05876428742117,-1.097951507540559
1.1717823811474213,1.3349876316013107,-1.6366281688181106,-5.760003044711763,-1.097951507540559
1.1058284009702681,0.9520239004382277,-1.174545928712766,-5.677751359228848,-1.1812606340228757
-1.202560905230093,0.8084125012520714,-1.0952276228734714,-5.6897280293857335,-1.1632897569911156
-1.202560905230093,0.6169306356705296,-1.5845664315318377,-6.82862327154539,-1.3330681595382234
0.6441505397301959,0.9998943668336132,-1.0501511442225677,-5.669513366055973,-1.3330681595382234
-1.1366069250529396,0.9998943668336132,-1.759348445665469,-5.666987939544562,-1.3330681595382234
1.1717823811474213,-1.2500175537495006,-1.6684959154385832,-5.669416153296912,-1.2195652483520185
-1.1366069250529396,-0.9149242889818028,-1.259366380232238,-5.5994318371284235,-1.1999964553914229
0.8420124802616555,-1.15427662095873,-1.5158686751163388,-5.788942500176757,-1.1999964553914229
-0.8068370241671738,-1.4893698857264275,-1.139310996067455,-6.887851642729648,-1.1999964553914229
1.0398744207931148,-1.058535688167959,-1.6175746862310985,-5.720862626123369,-1.1812606340228757
0.9079664604388084,-0.6277014906094908,-1.4438176696693918,-5.646653415290366,-1.3597566552024791
-0.7408830439900207,0.8084125012520714,-1.305308950294119,-7.123485093253384,-1.1460238046176758
0.8420124802616555,-0.7234424234002611,-1.1396814429516262,-6.973655787545827,-1.097951507540559
-0.8068370241671738,-0.8670538225864174,-1.1797709464003454,-5.696842692523928,-1.1632897569911156
-1.0046989646986333,-1.2021470873541151,-1.754139058751211,-7.061162251797109,-1.1294095553315093
-1.1366069250529396,1.478599030787467,-1.4004169136465716,-5.70100901034735,-1.1632897569911156
0.7760585000845023,0.5690601692751442,-1.4659800728034122,-5.705785147733861,-1.3079055765111127
-0.8068370241671738,0.6648011020659151,-1.3076062369485137,-7.238086798494292,-1.2615232060967974
1.0398744207931148,0.47331923648437385,-1.6172267440828005,-5.660741769980636,-1.3079055765111127
-0.8068370241671738,-0.8670538225864174,-1.2436631593662333,-5.714381738587223,-1.1133995962638477
0.7101045199073491,0.9520239004382277,-1.4527177549822647,-7.117302137499589,-1.284103814830532
-0.8727910043443271,0.7605420348566859,-1.8670369903306103,-7.137526688448142,-1.1460238046176758
0.6441505397301959,1.1913762324151544,-1.1085943932548499,-5.689185973533485,-1.3881681485850343
-1.1366069250529396,1.0477648332289986,-1.7999633118312595,-5.595360866192747,-1.3330681595382234
-0.8727910043443271,0.9520239004382277,-1.183513215533905,-5.726159128111207,-1.284103814830532
-1.268514885407246,-1.058535688167959,-1.0761729564453293,-5.735131325852127,-1.1812606340228757
1.1058284009702681,-1.15427662095873,-1.823635222520596,-5.7886787269640685,-1.2615232060967974
0.9739204406159616,-1.15427662095873,-1.8900124455850746,-7.016507269560822,-1.284103814830532
-1.1366069250529396,0.5690601692751442,-1.099936730397186,-7.218115181163993,-1.284103814830532
0.6441505397301959,1.2871171652059252,-1.2496071052257505,-5.639540935385023,-1.3597566552024791
-0.8727910043443271,0.9041534340428423,-1.1194635893997382,-6.798568854129029,-1.2615232060967974
-1.0706529448757867,-0.5798310242141053,-1.910535938201303,-5.586563944295714,-1.3330681595382234
-0.8068370241671738,-1.2021470873541151,-1.0441145291004386,-5.717794427916385,-1.1999964553914229
-1.0706529448757867,-1.2021470873541151,-1.1168415622821137,-6.696235626199987,-1.3330681595382234
-0.8727910043443271,-1.2021470873541151,-1.8911639049095486,-5.627684681295585,-1.1812606340228757
0.7101045199073491,0.8084125012520714,-1.5701597483865442,-7.128503329189999,-1.3330681595382234
1.1058284009702681,-0.6277014906094908,-1.1662998705147682,-7.148482636711772,-1.1460238046176758
0.8420124802616555,-1.15427662095873,-1.0423502500878101,-7.010395072595302,-1.1460238046176758
1.0398744207931148,-1.4414994193310424,-1.0448923518136963,-7.016507269560822,-1.097951507540559
-1.0706529448757867,-1.2021470873541151,-1.2375881292579185,-5.660983371497208,-1.1133995962638477
-0.8727910043443271,-1.058535688167959,-1.1021982148976692,-5.742011854911706,-1.1632897569911156
1.1058284009702681,0.9041534340428423,-1.0697393998263494,-5.602724680002841,-1.284103814830532
-0.6749290638128675,1.1913762324151544,-1.432789168661886,-6.907042836261529,-1.2400445387520846
-1.0706529448757867,0.9041534340428423,-1.1798689092491057,-7.0753783736643445,-1.2195652483520185
0.9079664604388084,1.143505766019769,-1.4651395816780217,-6.873344683020762,-1.1133995962638477
1.1058284009702681,0.7126715684613005,-1.798196592918715,-5.620334958729332,-1.284103814830532
1.1058284009702681,1.0956352996243834,-1.271191981347502,-7.168603691369261,-1.1460238046176758
0.9079664604388084,0.8562829676474568,-1.8733686295966216,-6.97092248106657,-1.3330681595382234
1.0398744207931148,-1.2500175537495006,-1.1956557455774444,-5.6207109672111235,-1.1632897569911156
1.0398744207931148,-1.393628952935657,-1.2882983390220548,-6.929025923611123,-1.097951507540559
-0.8727910043443271,1.2392466988105397,-1.5082396909442028,-5.6072819882033595,-1.2195652483520185
1.0398744207931148,1.0956352996243834,-1.379663980397445,-5.644979576429357,-1.1999964553914229
-0.6749290638128675,0.5211897028797587,-1.2870264683095294,-5.646701267519642,-1.097951507540559
1.1717823811474213,-1.058535688167959,-1.3441943178666813,-5.764042956788902,-1.1999964553914229
0.9079664604388084,-0.8191833561910319,-1.9859018921922313,-5.670485850485899,-1.3330681595382234
0.9739204406159616,0.6169306356705296,-1.4474671780533075,-7.036737146634808,-1.2400445387520846
-1.268514885407246,0.6648011020659151,-1.6850229388034945,-7.085104620156847,-1.1812606340228757
-1.0706529448757867,-1.0106652217725738,-1.374546567655138,-6.970447646307022,-1.3330681595382234
-1.1366069250529396,-1.0106652217725738,-1.1625988513114915,-5.7070813833468055,-1.3330681595382234
0.7101045199073491,-1.2021470873541151,-1.2229356279627237,-7.166429678301571,-1.1632897569911156
0.8420124802616555,-0.6755719570048762,-1.0984824095319072,-6.927066067796498,-1.1133995962638477
-0.9387449845214801,1.4307285643920815,-1.146685261247823,-7.149824380535645,-1.1460238046176758
0.7760585000845023,0.8084125012520714,-1.1232887778025493,-5.647371363770636,-1.1133995962638477
-1.1366069250529396,0.9041534340428423,-1.2534050256186282,-7.025230875423551,-1.3079055765111127
0.5122425793758896,0.7126715684613005,-1.10280509393972,-5.650678490208568,-1.083027184917194
-1.268514885407246,-1.2978880201448861,-1.189228960391409,-5.651350418228187,-1.2195652483520185
-0.8727910043443271,1.4307285643920815,-1.0843779609503164,-5.623016138558226,-1.3330681595382234
-0.9387449845214801,0.9998943668336132,-1.087025820031205,-6.974488682040771,-1.284103814830532
-1.0706529448757867,0.9520239004382277,-1.091623634870678,-5.710676988002218,-1.2615232060967974
1.1058284009702681,-1.393628952935657,-1.6887461592534436,-5.787676823958524,-1.1294095553315093
1.1717823811474213,-1.3457584865402714,-1.1944527535407594,-7.163445696152135,-1.2195652483520185
-1.0046989646986333,-1.4893698857264275,-1.5482623725118736,-5.6696591973549415,-1.3597566552024791
1.0398744207931148,-1.0106652217725738,-1.085140400637768,-5.612788338472764,-1.3079055765111127
-1.268514885407246,1.1913762324151544,-1.088207109479559,-5.695357603872918,-1.1133995962638477
0.9739204406159616,-0.7234424234002611,-1.3619508288081097,-5.6043506544847945,-1.3881681485850343
0.9079664604388084,0.5211897028797587,-1.4353978963771894,-7.235949101376086,-1.1999964553914229
-1.202560905230093,-0.8191833561910319,-1.9460537721624578,-5.64876040126543,-1.097951507540559
-0.9387449845214801,-1.15427662095873,-1.1252487470318062,-7.095801394492829,-1.284103814830532
-1.0046989646986333,0.8562829676474568,-1.1231224845523347,-7.176511788631766,-1.3597566552024791
1.0398744207931148,0.8562829676474568,-1.4629638328386503,-6.866255497308078,-1.1460238046176758
-0.7408830439900207,-1.1064061545633446,-1.3352820002962846,-7.146338412872036,-1.1294095553315093
-0.6749290638128675,1.143505766019769,-1.0710058337998174,-5.629055071268347,-1.1294095553315093
-0.6749290638128675,0.7605420348566859,-1.1149083204320855,-5.637304584412584,-1.1133995962638477
1.0398744207931148,0.8562829676474568,-1.2354235731554928,-7.3450291681677236,-1.1632897569911156
0.9739204406159616,1.0956352996243834,-1.4037738179942119,-7.017119901622715,-1.3597566552024791
1.2377363613245744,-1.2500175537495006,-1.316587223213885,-7.051468498671505,-1.2195652483520185
1.1058284009702681,0.8084125012520714,-1.4075897660949808,-5.622215972077931,-1.3597566552024791
-0.8727910043443271,0.7605420348566859,-1.6107669279473096,-5.604955050232235,-1.3597566552024791
0.9739204406159616,-0.8191833561910319,-1.0567921566029965,-5.646701267519642,-1.1812606340228757
-0.9387449845214801,-0.8670538225864174,-1.1607862904907575,-5.668444382212514,-1.097951507540559
1.3696443216788807,0.8562829676474568,-1.0720976193392957,-5.609612647728656,-1.083027184917194
-1.268514885407246,-1.1064061545633446,-1.1083354615568703,-5.712127727658282,-1.1632897569911156
0.9079664604388084,-0.7713128897956465,-1.3832212071812156,-5.621463275356331,-1.1460238046176758
-1.1366069250529396,0.8562829676474568,-1.0456055151542283,-6.98523994875691,-1.3330681595382234
1.2377363613245744,-0.9149242889818028,-1.2506879688294532,-6.87512238115419,-1.284103814830532
-0.7408830439900207,-0.8670538225864174,-1.145618933443283,-7.101503979680142,-1.1133995962638477
1.3696443216788807,0.6648011020659151,-1.0831171271867561,-5.771687214902336,-1.284103814830532
1.1717823811474213,-1.058535688167959,-1.6639867668735102,-7.102413270171749,-1.3330681595382234
0.9079664604388084,0.6648011020659151,-1.1966057395576455,-5.7101270850264205,-1.1133995962638477
0.9079664604388084,0.9520239004382277,-1.3201725119360719,-5.666405769806147,-1.2400445387520846
-1.0706529448757867,-1.0106652217725738,-1.5548030795615992,-5.753964098633324,-1.284103814830532
0.7101045199073491,-0.8670538225864174,-1.5571328771328787,-6.858431073598635,-1.1294095553315093
-0.5430211034585611,1.143505766019769,-1.6013398421299017,-7.066984243365072,-1.2195652483520185
1.1717823811474213,0.8562829676474568,-1.225777629958827,-6.966772913502915,-1.1632897569911156
-0.9387449845214801,-0.9149242889818028,-1.32275642111266,-7.173780008163288,-1.1812606340228757
0.7760585000845023,-0.8670538225864174,-2.024391329648974,-7.10332312838702,-1.097951507540559
0.7101045199073491,-0.5319605578187199,-1.1092126305797618,-5.639207644250996,-1.3597566552024791
-0.8727910043443271,-1.15427662095873,-1.2638668806293414,-6.9319128611695895,-1.3330681595382234
-1.1366069250529396,-0.8670538225864174,-1.4648598720561212,-5.624240773055074,-1.2615232060967974
1.2377363613245744,0.4254487700889884,-1.1426814074551186,-7.104103459256623,-1.2400445387520846
-1.0046989646986333,1.1913762324151544,-1.230566914957391,-5.596516236002068,-1.1812606340228757
1.1717823811474213,-1.2978880201448861,-1.1629951628203703,-5.624146533855368,-1.3079055765111127
-0.9387449845214801,1.3828580979966962,-1.2518627356680976,-7.0704123636419,-1.1133995962638477
-1.0706529448757867,-1.0106652217725738,-1.8654274509705426,-6.8019482723877145,-1.2615232060967974
1.1717823811474213,-0.6277014906094908,-1.0879442511927706,-6.985000167947787,-1.1812606340228757
1.1058284009702681,0.6169306356705296,-1.444028185265809,-6.758615551376536,-1.3330681595382234
1.1717823811474213,1.143505766019769,-1.4162723282659164,-7.08459109081873,-1.1812606340228757
-1.202560905230093,-0.7713128897956465,-1.1571894696241445,-7.059268794216642,-1.3597566552024791
1.1717823811474213,-1.3457584865402714,-1.6433141445383128,-7.344261983172822,-1.3597566552024791
-1.1366069250529396,1.2392466988105397,-1.2317889238390225,-7.163581199231331,-1.2615232060967974
1.0398744207931148,0.9998943668336132,-1.4352952211147445,-7.117827326392257,-1.3597566552024791
0.8420124802616555,1.0477648332289986,-1.193687072216881,-7.117302137499589,-1.1999964553914229
-1.0706529448757867,0.9998943668336132,-1.497195383257635,-5.6924413371832125,-1.2400445387520846
1.1717823811474213,0.9520239004382277,-1.5735905043496052,-7.036364555028186,-1.1460238046176758
1.2377363613245744,0.9998943668336132,-1.1238922631709642,-5.6482333691048385,-1.1812606340228757
-0.6089750836357144,-1.2021470873541151,-1.0571353089694109,-6.949004721521969,-1.2195652483520185
-1.0046989646986333,-0.6755719570048762,-1.2590581527611564,-5.615315149774847,-1.3330681595382234
-0.7408830439900207,0.2818373709028321,-1.1341231363571975,-6.849446386125699,-1.3597566552024791
0.8420124802616555,-0.8670538225864174,-1.059910180326194,-7.161685301733337,-1.1133995962638477
-0.9387449845214801,0.7126715684613005,-1.0439492607548093,-5.573035077595279,-1.284103814830532
-1.0706529448757867,1.0477648332289986,-1.4091090009664264,-5.64550543293139,-1.2615232060967974
1.1058284009702681,-1.2021470873541151,-1.1344021573774232,-5.773826458109706,-1.2195652483520185
0.6441505397301959,-0.38834915863256353,-1.047319804763394,-5.632510389300791,-1.097951507540559
-1.202560905230093,-1.2978880201448861,-1.360335884078788,-5.612601341441304,-1.284103814830532
-0.7408830439900207,0.5211897028797587,-1.185374783547993,-7.048961154859273,-1.1812606340228757
-1.1366069250529396,0.9041534340428423,-1.9101295278336814,-7.042462179341999,-1.2615232060967974
0.8420124802616555,0.9998943668336132,-1.414672956594638,-5.6221689171411615,-1.3079055765111127
1.0398744207931148,0.9998943668336132,-1.2045379854373948,-6.998126083833861,-1.2615232060967974
1.0398744207931148,-1.2500175537495006,-1.0586837294185658,-7.039099108288087,-1.3597566552024791
-1.1366069250529396,0.7126715684613005,-1.2882983390220548,-7.086517759643067,-1.2615232060967974
-1.0046989646986333,1.4307285643920815,-1.7416987181729318,-7.222482690962803,-1.2400445387520846
1.1058284009702681,1.2392466988105397,-1.1794038330838346,-5.661418355192044,-1.2195652483520185
1.1717823811474213,-1.2978880201448861,-1.600179351734962,-7.213199802799142,-1.2615232060967974
0.7101045199073491,-0.9149242889818028,-1.0611931069802132,-5.747334652873635,-1.1632897569911156
-1.0706529448757867,-0.8670538225864174,-1.1814647138241827,-5.622545399185278,-1.083027184917194
1.1717823811474213,-1.15427662095873,-1.1641166219668686,-6.953690474318508,-1.1133995962638477
0.8420124802616555,0.6648011020659151,-1.3706512505735442,-5.676725165831065,-1.097951507540559
0.9079664604388084,-0.9149242889818028,-1.2465629077814526,-5.652743255473476,-1.3597566552024791
-1.0706529448757867,-0.9149242889818028,-1.7929500417936353,-5.666211764898163,-1.1632897569911156
0.9739204406159616,0.9041534340428423,-1.261252550309263,-5.6346444689209125,-1.2195652483520185
0.9739204406159616,0.9520239004382277,-1.1717832767898706,-6.997763233386496,-1.1632897569911156
0.8420124802616555,-1.1064061545633446,-1.26162481621011,-5.618034021349441,-1.3079055765111127
1.1058284009702681,-1.2021470873541151,-1.2633673842876847,-5.673894665757592,-1.3330681595382234
-1.1366069250529396,0.8562829676474568,-1.4279314636544562,-7.061288569819477,-1.1812606340228757
-0.9387449845214801,-0.8191833561910319,-1.4014391758313205,-5.677164874518583,-1.1999964553914229
-1.0706529448757867,-1.15427662095873,-1.1132886818905685,-7.007105114901067,-1.1812606340228757
0.7760585000845023,-0.7234424234002611,-1.5100196388912184,-7.184737990911571,-1.083027184917194
-0.8727910043443271,0.9041534340428423,-1.0653519003107075,-7.072829587943923,-1.3597566552024791
-1.3344688655843993,-0.5319605578187199,-1.2120378374347447,-5.590426207570907,-1.3597566552024791
-1.0706529448757867,0.47331923648437385,-1.0790509302520483,-6.880468524224455,-1.3079055765111127
0.9739204406159616,0.6648011020659151,-1.2578893915948766,-7.043460137171898,-1.1294095553315093
1.0398744207931148,-0.8191833561910319,-1.0647722606983192,-6.967246552205114,-1.3597566552024791
-0.9387449845214801,0.9041534340428423,-1.3877087296373243,-6.995829555392823,-1.284103814830532
1.3696443216788807,-0.6277014906094908,-1.281393197495995,-6.915933508609802,-1.3330681595382234
-1.1366069250529396,-1.4414994193310424,-1.3715036039688946,-7.103583192252111,-1.2195652483520185
-1.0706529448757867,-1.1064061545633446,-1.3103833122766686,-5.619442327226042,-1.3079055765111127
-1.202560905230093,-0.7234424234002611,-1.2873607171181205,-5.655773669512745,-1.097951507540559
1.0398744207931148,1.1913762324151544,-1.3842822777588042,-7.014059313560754,-1.1294095553315093
1.1058284009702681,0.8084125012520714,-1.6663843151714366,-5.603235505090711,-1.3330681595382234
-1.1366069250529396,1.0477648332289986,-1.0621671492292042,-5.625324962106224,-1.3079055765111127
-1.202560905230093,0.6648011020659151,-1.2272917443519482,-5.644501689672216,-1.1999964553914229
-1.1366069250529396,-0.8191833561910319,-1.5102746679461587,-7.082410607756388,-1.3881681485850343
1.0398744207931148,-0.8670538225864174,-1.208240953551925,-5.643450890117949,-1.097951507540559
1.1058284009702681,-1.1064061545633446,-1.1378548576199494,-5.716538833532079,-1.1632897569911156
-0.8068370241671738,-0.9149242889818028,-1.8862017494204975,-7.1051445508273625,-1.2400445387520846
0.9739204406159616,1.143505766019769,-1.3840167042323037,-7.067111067077276,-1.1632897569911156
-0.8068370241671738,0.8562829676474568,-1.367515714540405,-7.06305817278637,-1.097951507540559
0.8420124802616555,-0.5798310242141053,-1.5244666233738453,-5.751699501652085,-1.083027184917194
0.8420124802616555,-1.2021470873541151,-1.7138054694565479,-5.814919252502314,-1.097951507540559
1.1058284009702681,0.9041534340428423,-1.2690605345390893,-6.975202970690393,-1.1632897569911156
0.7101045199073491,-1.1064061545633446,-1.7941090712243577,-7.13939139486273,-1.3079055765111127
-1.1366069250529396,1.0477648332289986,-1.2661236004987775,-7.255013616224735,-1.097951507540559
-0.6749290638128675,-1.3457584865402714,-1.4028847932051884,-6.895272357710571,-1.1812606340228757
1.3036903415017274,-1.3457584865402714,0.6192617687234765,-0.17034804432111997,-0.018172435406011687
0.8420124802616555,-1.1064061545633446,0.21362232558624636,-0.3501666791628626,0.10321602247997679
-0.8727910043443271,1.1913762324151544,-0.26324912282959395,-0.0877236452735535,-0.08581580920260522
-0.8727910043443271,-0.8670538225864174,0.6645411618593886,-0.20470176289022207,0.14930084279505904
-1.0046989646986333,-1.2021470873541151,0.5055169423414393,1.3428954677183453,-0.09040950676369341
1.2377363613245744,0.5690601692751442,0.6220200751811388,1.2982712901027047,-0.14787602790114027
0.9739204406159616,0.8562829676474568,0.02322695531353943,-0.30265015165947395,0.050620691109135106
0.7760585000845023,-1.1064061545633446,0.5874273808607451,1.2484038354290337,0.03700438850530304
-0.8068370241671738,1.2392466988105397,0.12120567142977406,-0.06749812663077552,-0.20992925906199686
0.7760585000845023,1.0956352996243834,0.3243314413260106,-0.03728221406329306,0.1998602086500133
0.9079664604388084,0.8562829676474568,0.5484232636297065,1.3107936293477227,0.11880084838562124
0.8420124802616555,0.8084125012520714,0.4735897580857218,-0.4435879562990847,0.23430024986474304
-1.0706529448757867,-0.9149242889818028,0.5415390196366942,-0.3177487064483875,0.259340121990695
-0.8727910043443271,1.478599030787467,0.2448336509343438,-0.02349074703498063,0.15726493576670011
1.1058284009702681,-0.8191833561910319,-0.30188232851697866,-0.13682484386499277,0.16680713971180003
-1.1366069250529396,1.0956352996243834,0.6212139621153845,-0.010445724058691442,-0.21602947706584205
1.3036903415017274,-0.6755719570048762,0.6234845424918352,-0.31035193279695106,-0.023428920008260426
-0.6749290638128675,-1.1064061545633446,0.27166118446709564,0.013791529517058608,0.14300537803121924
-0.8727910043443271,-1.1064061545633446,0.6605198061743076,1.269041865875483,-0.1787498349227877
0.7101045199073491,-1.1064061545633446,0.05149624274670523,1.3357841955356577,-0.2434864780548367
-0.7408830439900207,0.8084125012520714,0.5816298319320569,1.3309440305487377,0.23723509643494858
1.0398744207931148,0.9998943668336132,0.1023484325259728,-0.26871945343345277,-0.07084071380309773
1.1058284009702681,-0.7713128897956465,0.6397452749393309,1.3251138117070078,0.22537645737604564
0.8420124802616555,-1.058535688167959,0.029844974912115,-0.15141339071728735,-0.07084071380309773
0.7101045199073491,-0.8670538225864174,0.6675140992570345,1.3217081635198702,0.2430467366801441
-1.268514885407246,-1.2500175537495006,0.5200793930458819,1.3055440137795216,-0.1256463361688934
1.1058284009702681,0.9998943668336132,0.6635160210004103,-0.14596069066351278,-0.02210890296209792
-1.0046989646986333,0.5690601692751442,-0.11920189909776291,1.364282837484254,0.09318767641942302
1.0398744207931148,1.0956352996243834,0.4228893230140482,-0.12564712484980667,-0.1768725384529204
-1.0046989646986333,0.47331923648437385,0.46584920638765664,1.2130889708520007,0.17949462749894718
0.6441505397301959,0.9041534340428423,-0.20045899792622424,1.2417091539814855,0.2223612034301798
1.2377363613245744,1.2871171652059252,0.5228460048481453,1.2957631656678545,0.2223612034301798
-0.8727910043443271,0.9998943668336132,0.5433849191714754,-0.3697404512194627,0.2676075077816019
1.1717823811474213,-0.9627947553771883,0.5825099682648742,1.377370404213885,0.1178427950041087
0.9739204406159616,1.2871171652059252,0.33612170321249646,1.190585727739405,-0.28697261858161527
1.1717823811474213,0.9520239004382277,0.17703524512251104,1.3239025982170447,0.1877542573132323
-0.8068370241671738,0.9998943668336132,0.31617310318072595,-0.4309446832645344,0.15988793471868562
-0.9387449845214801,-1.2500175537495006,-0.0049199504786498795,1.2876574598966075,-0.08126955170664595
-0.9387449845214801,1.0956352996243834,0.6088896998210852,1.2909244058804892,-0.09040950676369341
0.9739204406159616,0.9520239004382277,0.6258622259025391,1.217445954078494,0.048380353678305586
1.1717823811474213,1.143505766019769,0.5374188790571541,1.2784409446794598,0.11975682130212752
-1.0046989646986333,-1.15427662095873,0.6089695561062419,1.2282156947334628,0.25162282650413714
0.9739204406159616,0.8084125012520714,0.6372771286134213,1.3047128831472095,0.26555517140682194
1.2377363613245744,-1.393628952935657,0.3590107796827528,0.13561719257446833,0.07875276502495929
1.0398744207931148,1.2392466988105397,0.19851732550926116,1.2409874655965816,0.21932515446523537
0.8420124802616555,-1.15427662095873,0.4115848923863249,-0.16590233692813622,0.21856285928765093
-1.0706529448757867,-0.9149242889818028,-0.3868126868368702,-0.3832447245918498,0.03700438850530304
1.1717823811474213,0.6648011020659151,0.4907511615331968,1.3569106185300464,-0.13576690499192023
-1.268514885407246,1.0477648332289986,0.5052433859891907,1.2673718983194822,-0.08887294200979572
1.1717823811474213,-0.9149242889818028,0.44967433215098934,-0.017898072035315685,0.16075880613040014
-1.202560905230093,-1.0106652217725738,0.5626131641152274,-0.07948265026146005,0.266240347195031
-0.9387449845214801,0.8562829676474568,0.12362751221035126,0.07588370422968756,0.2600350319298694
-0.9387449845214801,1.143505766019769,-0.15462733686432586,1.3732477886524455,0.1528582387596565
-0.8727910043443271,-1.058535688167959,0.28004387196659414,-0.17015713988899409,0.07770335962920408
-0.9387449845214801,0.6648011020659151,0.26680785881674274,1.3379496196720804,0.20853099728884184
0.8420124802616555,1.143505766019769,0.6014666965991086,-0.3299626300431351,0.2669244582185711
1.0398744207931148,-1.1064061545633446,0.41282265975657634,-0.16566193310622587,0.11592041048614267
1.1058284009702681,-0.7234424234002611,0.21191254145947439,1.2615775120903137,0.22387141196119464
-1.202560905230093,-1.2500175537495006,0.5276627820386871,-0.3274919930309122,0.17614689003453282
-0.9387449845214801,0.6648011020659151,0.6048248059105257,1.318402666048093,0.0901340778981708
1.3036903415017274,0.7605420348566859,-0.05566956504971746,0.069529800955514,0.2328254566762023
-0.8727910043443271,0.47331923648437385,0.10370679000125077,1.2108136284565205,0.07348054206920418
-0.8068370241671738,-0.7234424234002611,0.5211667216341394,-0.37760401511912517,-0.1750032135419639
-0.6089750836357144,1.0956352996243834,0.6250982861616639,1.3090729617056693,-0.03413401540279058
0.9739204406159616,0.8084125012520714,0.2844277088172554,1.2863251250214631,-0.1960157872962278
0.5781965595530426,-1.2021470873541151,0.6317608325482095,1.291526394179758,-0.028748928619970724
1.1717823811474213,-0.8670538225864174,0.3575983032956955,1.3678345646174637,0.22687637485790896
0.8420124802616555,-1.0106652217725738,0.3703156290821687,0.42579830911262095,0.22008613193226226
-1.0046989646986333,0.8562829676474568,0.07239157623128402,-0.34896091734793333,0.17107706023900482
-0.477067123281408,1.1913762324151544,0.38750940888468544,-0.15260630833847444,-0.10607754320829751
0.9739204406159616,-1.15427662095873,0.5440396838451594,-0.4447236886954057,-0.2434864780548367
-1.202560905230093,0.5211897028797587,0.3258736564477512,1.303598286348491,-0.27745386168424097
1.2377363613245744,1.0956352996243834,0.641579926213897,1.149359227034759,-0.12731702263348554
-1.202560905230093,0.7605420348566859,-0.4322220627467437,1.336756176795597,0.14661380278398733
-0.7408830439900207,1.3349876316013107,0.3591921841947296,-0.2540765514107619,-0.2500735139915952
-0.7408830439900207,-1.2978880201448861,0.2549271523126761,-0.21970310109444524,0.26349322218023163
-1.3344688655843993,-0.9627947553771883,0.11593741945248562,1.304114695005374,0.12071072276973818
1.1717823811474213,-1.15427662095873,0.504763395501644,-0.13050374533342926,0.08396259334450244
0.8420124802616555,1.143505766019769,0.3405433274667348,1.2306173160001768,0.13569856539249994
-1.1366069250529396,1.2392466988105397,0.6591079250351612,-0.16644784452507383,-0.12731702263348554
1.0398744207931148,0.9520239004382277,0.10670846015760692,-0.17010913861572713,0.11592041048614267
1.1058284009702681,-1.2021470873541151,-0.4269974324618327,-0.16004600211990977,0.047255894944195305
1.1058284009702681,1.3349876316013107,0.49856116921667964,1.2700431779055268,-0.0104035510509034
0.9079664604388084,0.9998943668336132,0.466874187170513,-0.18332773947333347,0.26349322218023163
-0.8068370241671738,-0.2447377594464072,0.5735339813335621,-0.2987358247635473,-0.11738670635460827
0.9739204406159616,0.8084125012520714,-0.1700879574320013,1.2649938657550979,0.04386518225057622
0.9079664604388084,-1.4893698857264275,0.4430995937233515,0.01998017984216091,-0.027412887063211672
1.1717823811474213,-1.1064061545633446,0.15667975824992708,-0.2807395857254272,0.2423244635811976
0.9079664604388084,1.0477648332289986,0.45472115239170685,1.2649271515746734,0.25794700261588577
-1.0046989646986333,0.7126715684613005,0.31721279576677275,-0.1891089301798979,0.1918266763184623
-1.0046989646986333,0.7605420348566859,0.5938830254379418,1.2560364873394834,0.26280375398126365
-0.7408830439900207,-1.058535688167959,0.35099822788634244,-0.3542572813880251,0.030034976109238262
1.3036903415017274,-0.9627947553771883,0.4662147282449594,-0.2881518152391957,0.11880084838562124
-0.9387449845214801,0.7126715684613005,0.39626474160297254,-0.29906141412632153,0.2328254566762023
1.2377363613245744,1.1913762324151544,0.3933430481653901,1.2343879976152667,0.03237039461064391
-0.9387449845214801,0.7605420348566859,0.1379674496401186,-0.15175837649514212,-0.13067753784567102
1.0398744207931148,1.0477648332289986,0.31170408123628224,1.3793311699836774,0.24087635255482845
0.9739204406159616,1.2871171652059252,0.5629076283205203,1.221471225136288,0.26211320426310897
-0.8068370241671738,0.9520239004382277,-0.027727981866554507,1.3082786509407953,0.06921682491342734
-1.1366069250529396,0.8084125012520714,0.6090332901960331,-0.23269727706596258,0.10122854571794233
-1.3344688655843993,-0.9149242889818028,0.07414119502708864,1.3362194437692945,-0.18634011528221933
-1.0046989646986333,-1.4893698857264275,0.47209128502874437,-0.3223748730725403,0.20461088808112016
-1.0706529448757867,1.143505766019769,0.5495260937581864,-0.3558794970517775,0.1877542573132323
1.0398744207931148,0.8084125012520714,-0.29290813573711844,1.2032890880301685,0.23942346227548617
1.1717823811474213,0.9520239004382277,-0.10223442478018216,1.2573854742618429,0.22311695529829062
0.7760585000845023,0.6169306356705296,0.4716333816680439,-0.08665222786520037,0.20931084754602472
-0.8068370241671738,-1.0106652217725738,0.6054089402182041,1.3659041679911184,-0.10448540637320027
-0.5430211034585611,1.0956352996243834,0.4000271317094068,1.3479502403421215,0.23134570619031353
1.1058284009702681,-0.5798310242141053,-0.04478855616889723,1.3763637302418998,0.24878265307165437
-0.4111131431042549,0.7126715684613005,0.4851941778265626,1.3175394251098087,-0.3016481560302011
-0.8727910043443271,-1.1064061545633446,0.44354335286730834,-0.17733490974836286,-0.14438215753744044
-1.3344688655843993,0.5690601692751442,0.5266605837066886,-0.1799612566274213,0.09521170460584373
1.2377363613245744,-1.393628952935657,0.37278424068013294,-0.19344914810063218,0.23356347085584872
-0.7408830439900207,1.0477648332289986,0.522407933329154,-0.06573157161191723,0.2139611586235228
0.7760585000845023,-1.3457584865402714,0.5672272964264286,-0.11258297738802878,0.13845285188517678
1.2377363613245744,-0.7234424234002611,0.5926706836116642,1.2510288349226382,0.0901340778981708
-0.8727910043443271,0.8084125012520714,0.586507700905774,-0.07831874345703771,0.19746550453070727
0.9739204406159616,-0.5798310242141053,0.4782225075124558,1.343342031936479,0.23650321703935043
-0.8727910043443271,-0.9627947553771883,0.16444247138513354,1.3850034000762887,0.2480697373611026
-0.8727910043443271,-0.6277014906094908,0.36400376416715463,1.3093916972636874,0.05837328765220097
1.1058284009702681,0.9041534340428423,0.4408137277311616,-0.18864192690886689,-0.25452027255870546
-1.202560905230093,0.8562829676474568,0.33910421431319887,1.1577080543392142,-0.1787498349227877
-0.8727910043443271,-1.0106652217725738,0.3808043139425099,1.338578481820424,0.028862604297691167
-1.1366069250529396,1.0477648332289986,-0.31465678314101214,1.3641885774535558,-0.20391241794989826
-0.7408830439900207,-1.1064061545633446,0.6239865671494673,0.09509170096638311,0.034693488946511836
1.1717823811474213,-0.7713128897956465,0.5413399702844378,-0.37805843478668527,0.09420085374824774
0.7760585000845023,-0.7713128897956465,-0.2822147660119484,0.11043736048882563,0.2283711992315584
1.1058284009702681,1.0477648332289986,0.1851479811470981,0.014345385684081427,0.10519456673204178
1.1717823811474213,-1.15427662095873,-0.013516493551097662,1.2890500982110211,-0.09349882017897508
-1.0046989646986333,-0.8670538225864174,-0.013708680093713265,1.194350124844678,-0.08887294200979572
-0.9387449845214801,-1.1064061545633446,0.5503473622646148,1.362262312609467,0.21473145690414697
-0.8068370241671738,0.47331923648437385,0.49262190856013954,1.2569113535438523,0.203033017735803
-1.1366069250529396,-1.2978880201448861,0.5958431344216307,1.3722498828649794,0.20224195668726114
1.2377363613245744,1.2392466988105397,0.6068986227374976,1.3218413022774707,-0.2967017516868372
1.1058284009702681,-1.058535688167959,0.4861897110504309,-0.16720409989334528,-0.1409157982494165
1.2377363613245744,-1.1064061545633446,0.3260105344002094,1.3199923123880086,-0.13747652016989986
-0.9387449845214801,-1.0106652217725738,-0.26373677858062766,1.3106651346319584,-0.07527999869962677
1.0398744207931148,-0.9627947553771883,0.5557789014200933,1.3786849449603724,0.05173659881706346
-0.6749290638128675,-0.38834915863256353,0.5993530981566091,-0.2912915384741436,-0.10927919626617622
-1.0046989646986333,1.0956352996243834,0.3977527935072132,1.307768979629801,-0.03278155549093877
-1.0046989646986333,-0.9149242889818028,0.44895380008737845,-0.35415215315998005,0.22008613193226226
-1.202560905230093,-0.8191833561910319,-0.3171336995419375,0.09805529503489094,-0.2798143250074456
1.2377363613245744,0.9041534340428423,0.49167823077532424,1.3037148190694434,-0.056358310596186414
-0.9387449845214801,1.2871171652059252,-0.4668600139989648,1.2728721436286632,-0.1768725384529204
-0.9387449845214801,-0.9627947553771883,-0.3056018130667983,0.05008423052469306,0.18032759909099583
1.0398744207931148,0.9998943668336132,0.320610722398831,1.3894727430193312,-0.09505164491090004
0.9079664604388084,-0.7713128897956465,0.6241208530040846,0.007912418058027105,-0.05921692684248689
-0.7408830439900207,0.8562829676474568,0.5975736936977741,-0.2503576088275964,0.23430024986474304
1.1717823811474213,-0.8191833561910319,-0.20274051688770123,-0.09905749261746363,0.06274280595729742
-0.9387449845214801,1.3349876316013107,0.6356647847582358,1.1989217937459253,0.2177992418280899
1.0398744207931148,1.0956352996243834,0.2896259446333234,-0.15104645076224954,-0.15673397976882394
-1.1366069250529396,-1.058535688167959,0.16702705865845574,1.240272205050561,-0.02608088799842971
-1.202560905230093,0.8562829676474568,0.35868605763148964,-0.17099909367428665,0.08911148660199852
-1.0706529448757867,-1.058535688167959,0.6420981098906593,0.003977150504332412,0.06814441182509501
0.9079664604388084,1.0956352996243834,-0.14220062890445595,-0.055553572421022115,-0.11902628126680488
1.2377363613245744,0.8562829676474568,0.5602282308251774,-0.15492437342052504,0.09420085374824774
-1.0706529448757867,0.6648011020659151,0.630764498710732,1.1550455328488403,0.18938774844553463
-1.1366069250529396,0.5690601692751442,0.1703107784524125,1.2439334169056262,0.16680713971180003
-1.0046989646986333,0.7126715684613005,0.6210031652987636,-0.1415985044061072,0.17614689003453282
-1.0706529448757867,0.377578303693603,0.12458412025843506,0.05879278360044071,-0.2612757814172644
0.9079664604388084,-1.2500175537495006,0.4117260539927404,0.07214029487348379,-0.11738670635460827
0.9739204406159616,0.8084125012520714,0.034484743783409454,1.272591775383991,0.003492807637639467
0.8420124802616555,-0.9627947553771883,0.3135793631537524,-0.2924432128377256,-0.31682984513564394
1.1058284009702681,-1.058535688167959,0.4838163623639258,-0.36773834469693345,-0.23272248569653473
1.3036903415017274,1.5264694971828525,0.599948393053734,0.04682706257421598,0.19906342045954306
1.2377363613245744,-0.8191833561910319,0.3059259386334116,-0.24471174518278085,0.15638711821750564
-1.0706529448757867,0.5211897028797587,-0.0875400064453738,-0.21640718498372638,0.23577011885984983
1.0398744207931148,1.2392466988105397,0.26904817264557324,1.3342765012476252,0.18857176052876623
-0.6749290638128675,0.8084125012520714,0.5445331376132673,-0.19363518731656967,-0.0015098070489625373
1.1717823811474213,-0.8670538225864174,0.6493571875205637,-0.3992405148901236,-0.2434864780548367
-0.5430211034585611,0.8084125012520714,0.0019550172737006054,1.3139341840254217,0.17614689003453282
0.5781965595530426,0.9998943668336132,0.6328836770760901,1.2019443542604342,-0.00784409410261578
1.1058284009702681,-1.2500175537495006,0.25097138097571525,-0.2854211204476154,0.0415901107526587
1.0398744207931148,1.0956352996243834,0.4415328741807939,-0.24935892651129804,0.15814100641414497
1.3696443216788807,0.8084125012520714,0.6234232893224922,-0.3646975944258146,-0.05351813716370323
1.2377363613245744,1.2392466988105397,0.20640854434655448,1.2128858824928928,0.23577011885984983
-1.0046989646986333,-0.9149242889818028,0.08214252232806808,1.3119196956566248,0.09115429933985289
0.9079664604388084,1.0956352996243834,0.4029587979693836,1.2836218048314065,-0.04510593173797102
-1.0046989646986333,-1.058535688167959,0.49865346624675827,1.2846530552323938,0.15638711821750564
-1.0706529448757867,-1.1064061545633446,0.5920264049678644,1.3571615273180533,0.23650321703935043
-0.6749290638128675,-0.9627947553771883,0.36184048250987627,1.3378631596466375,0.21473145690414697
-0.8068370241671738,-1.058535688167959,0.5399565165887175,-0.20924124045904727,0.18032759909099583
-0.8727910043443271,0.7605420348566859,0.5935686433217291,1.3247400680146992,-0.1999463969357988
-0.8068370241671738,-0.9627947553771883,0.645746479365688,1.2986620691596795,0.05617215629122468
0.9739204406159616,0.8084125012520714,0.2976596946124672,-0.04765724089983958,0.21086641579024748
-1.268514885407246,-1.0106652217725738,0.4265189277318553,-0.1634278527556116,0.08499720100062848
0.6441505397301959,-0.7713128897956465,0.3265656147904147,-0.19486886507672813,0.2430467366801441
0.7760585000845023,-1.15427662095873,0.5935463307374516,-0.11526923172989671,0.1178427950041087
-1.1366069250529396,-0.9149242889818028,0.4141395242815248,-0.1713889691290159,0.26211320426310897
0.5122425793758896,-1.2500175537495006,0.4924708849892615,-0.28812034320266927,0.16249539755417866
1.1058284009702681,1.4307285643920815,0.3332677392003946,1.3302074071470549,0.13569856539249994
-1.0046989646986333,-1.2021470873541151,0.5190375777667717,1.3105394574566058,0.24087635255482845
1.2377363613245744,-1.2021470873541151,0.10485000303755558,1.2893625819399255,0.2444877374923457
0.9739204406159616,-0.7713128897956465,-0.18728493602905458,1.2744492463670354,-0.00025381374318433127
1.1717823811474213,0.6169306356705296,0.6157553712354796,1.3206450233252194,-0.18063517123075476
-0.9387449845214801,-0.6755719570048762,0.5293455154513284,0.07448470961492465,0.07875276502495929
0.7760585000845023,-1.2021470873541151,0.24269577789956367,1.31882344628948,0.17614689003453282
-0.9387449845214801,-1.3457584865402714,0.5964747693989761,1.331073538921971,-0.07379525747752706
-0.5430211034585611,0.9520239004382277,0.4176514827919494,1.280602872165864,-0.005299431785789542
1.1717823811474213,-1.058535688167959,-0.11010579856560052,-0.3698979219282337,-0.0015098070489625373
0.7760585000845023,-0.9149242889818028,0.16382627782964237,-0.39565505263336187,0.24520647292555858
-0.6749290638128675,-1.1064061545633446,0.47200818668706757,-0.02402383065718104,0.23356347085584872
-0.9387449845214801,0.8562829676474568,0.4494303154000424,1.34054578866504,-0.23060091361415405
1.1717823811474213,-0.8670538225864174,0.5780997737155595,1.232261686887289,0.11688265208248656
-1.0046989646986333,0.8084125012520714,0.5965518408835805,0.07336020126174811,-0.29181030852898165
-1.0706529448757867,-0.9627947553771883,-0.1317023312408985,1.2153012317420744,0.266240347195031
0.9739204406159616,1.3828580979966962,0.39042727202256455,-0.16466512568730324,0.153743114143126
-0.9387449845214801,-1.4414994193310424,0.4354771007970841,1.3219948779645219,0.25162282650413714
-0.7408830439900207,0.6648011020659151,0.11057878261845303,1.2982945197330455,-0.05069617009626197
1.2377363613245744,-1.2500175537495006,0.47940926683049395,0.04403683271750604,-0.15494807324220694
0.9079664604388084,-1.4893698857264275,0.6457128159488241,1.3353444469340026,0.2223612034301798
-1.0046989646986333,-1.2500175537495006,0.4667916937731926,-0.20998676806251645,-0.12067198544525946
1.0398744207931148,-1.2021470873541151,0.43134869584862434,0.03280372738068177,0.2530360712332899
-0.8068370241671738,-1.2021470873541151,0.07133413574820492,-0.2840057859792112,0.09622023965188663
-0.5430211034585611,-0.5798310242141053,0.6010604209575815,1.254114635790806,0.04386518225057622
-0.9387449845214801,-1.058535688167959,0.5733736162169355,-0.38417274700824,-0.06065322617549467
-1.1366069250529396,-1.1064061545633446,0.2543793104486711,-0.08510344021022048,0.2155004096849066
1.0398744207931148,0.9998943668336132,0.5772715428614174,1.2721155234444894,-0.09505164491090004
1.1058284009702681,0.7605420348566859,0.1829036992250196,-0.198193754849995,0.25162282650413714
-1.3344688655843993,-1.15427662095873,0.580892626279967,1.2799468306583952,-0.015567544047894219
1.1058284009702681,0.8562829676474568,0.6194881869033494,-0.23248171653099906,0.002247473412382738
-0.8068370241671738,-0.9627947553771883,-0.24317073786309668,-0.004703478673424568,-0.09195145354172518
-0.9387449845214801,-0.7713128897956465,0.46503241424733205,1.1955685113798367,-0.10289900698057926
1.0398744207931148,-1.1064061545633446,0.4761970428126457,1.2455881916336862,0.07770335962920408
-1.0706529448757867,0.9520239004382277,0.5570705832473185,-0.25283663672134843,-0.2567606099895348
-0.8727910043443271,-0.8670538225864174,0.3728115253138945,1.2850816365749316,0.0901340778981708
1.3036903415017274,1.5264694971828525,0.628115303000466,-0.16251585609472954,0.20618312316320317
1.0398744207931148,0.9998943668336132,0.6406006407304877,-0.355319121557927,-0.1657738324196518
1.0398744207931148,0.5690601692751442,0.2431115425134724,-0.11336975941332378,0.23723509643494858
0.9079664604388084,1.143505766019769,0.5219953411126595,-0.07020565979109766,0.1877542573132323
-1.0706529448757867,0.5690601692751442,0.3793625121862053,-0.06461493298973234,0.18198882881724304
0.9739204406159616,-0.8191833561910319,0.33842219058699485,-0.1957263584153942,-0.09040950676369341
0.7760585000845023,1.0477648332289986,0.590946495473365,-0.22961488244546166,0.1811589975535119
1.1058284009702681,-0.8670538225864174,0.2728768674096621,-0.058960756471006265,-0.1940635652274976
0.7101045199073491,1.3349876316013107,0.5540717029776011,1.370101118191592,0.2283711992315584
1.1717823811474213,-0.7234424234002611,0.5317445053576789,1.1221894646433597,0.1676644434979407
0.9079664604388084,0.8562829676474568,0.058693399156555595,1.237538942084351,0.14661380278398733
0.7101045199073491,0.7605420348566859,0.3818158789745136,1.266262521597013,0.0755970141990243
-1.0046989646986333,-1.0106652217725738,0.07010957044908363,1.3320805220636813,0.24087635255482845
-0.7408830439900207,-0.5798310242141053,0.6444755146372664,-0.3063936026383577,-0.22221541522001043
1.0398744207931148,0.9041534340428423,-0.08088152674090074,1.3203929654364033,0.12826842521492
-1.0046989646986333,1.2392466988105397,0.570602412886185,1.2814416798351211,0.22537645737604564
0.6441505397301959,-1.393628952935657,0.24268424382860984,1.3219776365920741,-0.0635399601591699
-1.202560905230093,0.5211897028797587,0.24888184162999014,0.005800684585651195,-0.13747652016989986
0.7760585000845023,-0.7713128897956465,0.6371652464346963,-0.28555523791722,0.18198882881724304
0.9079664604388084,0.7605420348566859,0.4292497299351862,-0.36437741431805304,-0.08581580920260522
-1.268514885407246,-1.1064061545633446,0.5281065947253606,-0.21938206483774317,0.009667177505400748
1.1058284009702681,-1.2500175537495006,0.4310793878597514,1.3074749975672841,0.2689704356660865
-1.202560905230093,1.3349876316013107,0.5845705483060705,1.2607828053387728,-0.11902628126680488
1.2377363613245744,0.5211897028797587,0.625123248196447,1.3080090614774011,0.1273307776718267
-0.9387449845214801,0.9998943668336132,0.2831643804897388,-0.17849310782641123,0.25584902237005525
1.2377363613245744,-0.9149242889818028,0.6307264985336789,1.3338533990155965,0.05395996392219985
0.9079664604388084,-1.15427662095873,0.5758558681233993,1.273589823014346,-0.15494807324220694
0.9739204406159616,0.47331923648437385,-0.10916669058078443,1.3517823909799265,0.25724878620456265
-1.0706529448757867,1.3828580979966962,0.11387290738747183,-0.2793095380045162,-0.21808181344062202
-1.202560905230093,-0.5319605578187199,0.6108429349103901,0.052675152947280326,-0.023428920008260426
1.0398744207931148,-0.7234424234002611,0.4019407097986169,1.3288767148994693,-0.04510593173797102
1.3036903415017274,-0.6755719570048762,-0.1039148661632062,1.3226599184637877,0.15019289042563366
-0.8727910043443271,0.9041534340428423,0.37656410021701925,1.3441605093916298,-0.1940635652274976
-0.9387449845214801,-1.4893698857264275,0.5780725242117538,1.3178776255908993,-0.14438215753744044
-0.8727910043443271,-1.15427662095873,0.2806761485580483,1.22067153016627,0.18198882881724304
-1.268514885407246,0.32970783729821757,0.6237647955045507,1.3317918025639992,0.2177992418280899
-0.8068370241671738,-0.8191833561910319,0.5283476753759959,-0.2591096749417959,0.2600350319298694
-0.8068370241671738,-0.9149242889818028,0.5492658139803414,1.2849344030714536,0.2177992418280899
-1.0706529448757867,-0.14899682665563632,-0.15941995943144394,-0.16661487747839987,0.2710069482650498
-1.0046989646986333,0.8084125012520714,0.6517666651081456,-0.19511300054155162,0.2423244635811976
-1.0706529448757867,1.3349876316013107,0.05748701587095001,-0.20293559201932712,0.1091251763716128
-0.9387449845214801,-1.2500175537495006,0.2719740933388728,0.04803950270747464,0.1273307776718267
1.0398744207931148,1.2392466988105397,0.6321854647375577,1.2481748191566313,-0.1844302408981024
-0.8727910043443271,-0.5798310242141053,0.3066732204810483,-0.3695983581121183,0.002247473412382738
0.7760585000845023,-1.0106652217725738,0.6214562327257771,-0.15511881692154628,0.12071072276973818
-0.8727910043443271,0.9041534340428423,-0.31130575594211396,1.2596294800313468,0.1786600768128878
1.1058284009702681,0.9998943668336132,0.053497859925284386,1.2969363908879925,-0.1223238648883787
0.9739204406159616,0.5211897028797587,0.38317468911305275,-0.34717620195595017,-0.27277056905719665
0.9739204406159616,-0.5798310242141053,0.46910998575653384,1.2934678517541238,-0.05778529840986518
1.1717823811474213,0.6169306356705296,0.40282350968579783,1.2636302050220807,0.06056346806559479
-1.0046989646986333,1.143505766019769,0.6476109022066764,1.2118224473822956,-0.29181030852898165
-0.9387449845214801,-0.7234424234002611,0.6198429439403892,-0.12356324669393343,0.18198882881724304
-1.202560905230093,0.9998943668336132,0.6042677333055811,1.2537881982358936,-0.2522912786571304
-0.7408830439900207,1.3828580979966962,0.6704997862109312,-0.22358306490081695,0.25091449915090924
-0.8068370241671738,1.2392466988105397,0.6026021802360724,1.3218926296341222,-0.012977975668747936
-0.7408830439900207,-1.0106652217725738,0.4022755629158239,1.3402290438919808,-0.2751059875586021
-1.202560905230093,1.143505766019769,0.49660634449988666,-0.05572384576064736,0.15462621444940872
-0.8727910043443271,1.1913762324151544,0.575924350830579,-0.15113459607333343,0.19101520077983317
-1.0706529448757867,1.143505766019769,0.3022986271722394,0.025711362275941313,-0.16944239827534044
1.1717823811474213,-1.2978880201448861,0.41603010966408566,0.1693737205528091,0.23723509643494858
-1.0046989646986333,0.8562829676474568,0.31082203422266763,-0.2642221604479264,-0.3142629261715238
-0.7408830439900207,-1.0106652217725738,0.6193979045917707,1.2692302099599615,-0.29424923640190953
1.1058284009702681,1.143505766019769,0.45208792912184836,1.2838741294435794,-0.13919280053111702
0.9079664604388084,1.1913762324151544,0.45267533308597296,-0.5413485997121827,-0.13576690499192023
-1.0046989646986333,-0.1011263602602514,0.6138664573110828,-0.07549149344651332,-0.020792832161123147
-1.1366069250529396,0.6648011020659151,0.2752531231266477,1.2424402246900204,-0.18063517123075476
-0.7408830439900207,0.9998943668336132,-0.03210180232115027,1.3259257935992206,0.13013775012587647
-1.202560905230093,1.0956352996243834,-0.04839884520430473,-0.149214236038907,-0.1256463361688934
-0.9387449845214801,0.8084125012520714,-0.24726304995971635,1.2951710935646736,0.2696503205194561
-0.8727910043443271,0.5690601692751442,-0.12956444298995337,1.185271877058138,0.20224195668726114
-1.0046989646986333,1.1913762324151544,-0.24155312062650433,-0.22571420834662279,0.16594816313672356
-1.202560905230093,1.0477648332289986,-0.02059558589163633,0.005393012923340328,0.18032759909099583
-0.8727910043443271,-1.3457584865402714,0.3754501043380333,-0.1495223802436771,-0.23060091361415405
-0.8068370241671738,0.9520239004382277,0.5827439858714463,-0.27330375722879585,0.1510831341163919
-1.1366069250529396,-1.15427662095873,0.5293808826134008,1.2105223599875068,-0.16944239827534044
0.9739204406159616,-1.15427662095873,0.6300583568086676,-0.2718510587173019,0.2676075077816019
-0.8727910043443271,-0.7234424234002611,0.5637618988893554,1.3067774640174146,0.007207811583533359
0.8420124802616555,-1.2500175537495006,0.6559875108603491,1.3356137938037391,-0.28218751326178565
-1.0706529448757867,0.7126715684613005,0.44394147187659677,1.2676245548762355,-0.08429516743135562
1.1717823811474213,-0.7234424234002611,0.586542813435819,1.2480440570777,-0.2590124069967095
-0.9387449845214801,0.9041534340428423,0.45028525549993026,1.3482928769767835,-0.2798143250074456
1.0398744207931148,0.9998943668336132,0.06062823075454285,1.2880802338863315,0.24376782669404182
-0.7408830439900207,-0.8670538225864174,0.460023696660513,1.157919428026324,0.2283711992315584
0.8420124802616555,1.143505766019769,0.3802862043144138,-0.280491513894039,-0.015567544047894219
-0.9387449845214801,0.6648011020659151,0.1937281831342621,-0.2857630839669544,0.17192609686680213
-1.202560905230093,1.0477648332289986,0.5407998330661858,-0.24528874763842567,-0.1496334168819124
-0.9387449845214801,0.9041534340428423,0.64110210796197,1.3267229355869414,-0.16213558563662134
1.0398744207931148,0.8562829676474568,0.41354719304402077,0.07635413626572167,0.13753666975416828
1.1058284009702681,-0.9627947553771883,0.31820942093135546,-0.14471834705746073,-0.18634011528221933
-0.9387449845214801,-0.8191833561910319,-0.2872689020302582,1.3148624205825288,0.16937405867592034
-0.8727910043443271,1.0956352996243834,0.5516221041509342,-0.16706930399580022,-0.019480684080722444
-0.6089750836357144,0.9520239004382277,0.39290315569999745,1.3292541869273233,-0.1787498349227877
1.1717823811474213,-1.1064061545633446,0.613120502760046,-0.1252833675917024,0.1786600768128878
1.1058284009702681,-0.6755719570048762,-0.17373443266105182,0.06077866448499205,-0.018172435406011687
-0.7408830439900207,-0.9149242889818028,0.5120113531242372,-0.2535516160402831,0.23796576109240206
0.9739204406159616,0.5690601692751442,0.3925675861240566,-0.3879089051148187,0.18446897822258113
-1.0706529448757867,1.3828580979966962,0.37515783242479744,0.06121304282143197,-0.018172435406011687
1.3036903415017274,-0.8191833561910319,0.3768772958587631,-0.27282694959919135,-0.27277056905719665
-0.6749290638128675,1.143505766019769,0.5656243031849778,1.2953009616962416,-0.030089037280586924
0.8420124802616555,-0.9149242889818028,0.6230079597551981,-0.3217281334610296,0.2689704356660865
-0.8727910043443271,-1.058535688167959,0.5728245151717486,-0.002879009260560783,0.03930322064848634
0.7760585000845023,0.9041534340428423,0.6597028237025121,0.025077845846012168,-0.27277056905719665
1.1717823811474213,-1.2978880201448861,0.6296452324590845,-0.19610699726248648,0.13385275407177058
1.3036903415017274,-0.7713128897956465,0.28743635642794574,1.3441387893356238,0.01816834508622513
1.1717823811474213,-1.058535688167959,0.5466061562908162,1.3423186836478374,-0.21602947706584205
0.7760585000845023,1.0956352996243834,0.6139755657521169,1.3279102442240767,-0.08429516743135562
-0.9387449845214801,-0.8670538225864174,0.6354683689910441,1.3440301841993831,0.16422516541842408
-1.1366069250529396,0.9998943668336132,0.23102449519751958,1.3244939210516677,0.18446897822258113
1.1058284009702681,0.7605420348566859,0.6691920483079817,1.2907593275512368,0.18364381330421664
-1.1366069250529396,-1.058535688167959,0.15572939423873403,-0.35395838244412314,-0.19018490264740692
1.1717823811474213,1.2871171652059252,-0.26744856369905695,1.2945922637100804,0.021762041410779625
0.6441505397301959,1.2871171652059252,0.6515046021327601,1.2669776332897242,0.23208620317745232
-0.9387449845214801,-0.8670538225864174,0.32467224238610004,0.020856815628301353,-0.05351813716370323
0.6441505397301959,-1.15427662095873,0.5664950848356293,1.310672004132988,-0.29424923640190953
0.7760585000845023,1.1913762324151544,0.5753616932029129,-0.3376013723721765,0.21932515446523537
1.1717823811474213,0.6169306356705296,-0.07911427618572694,1.2978094734088408,-0.1750032135419639
-1.0706529448757867,0.9998943668336132,0.38731037734380364,-0.024441953118822163,0.0415901107526587
-0.7408830439900207,0.4254487700889884,-0.30810457329555274,1.2803516307859129,-0.10927919626617622
1.0398744207931148,-1.2500175537495006,0.6146824418797564,1.1818388849866435,0.2069671400312588
0.9739204406159616,0.8562829676474568,0.5640881537812596,1.255739433460894,-0.07231550699163827
0.7101045199073491,-1.0106652217725738,-0.04441287639221015,1.3281134918163247,0.22612705492370963
-0.5430211034585611,0.9041534340428423,0.2894575259752359,-0.2280215329779307,-0.04233720968657673
1.0398744207931148,-1.058535688167959,0.42634957766394127,1.306104728703322,0.203033017735803
1.1717823811474213,0.8084125012520714,-0.11931310172285611,-0.20513963819402264,0.1676644434979407
-1.0706529448757867,0.6648011020659151,0.41426077232345115,-0.17445575119499288,0.04044815069581655
-1.1366069250529396,-1.15427662095873,0.19204754013366682,1.314556163847558,0.1736192733965753
1.3036903415017274,-0.8670538225864174,0.21368375825974828,1.37126020881055,0.026508452403867663
0.9079664604388084,-0.436219625027949,0.664252613356055,-0.1367386508599077,-0.1999463969357988
-1.0046989646986333,-1.058535688167959,0.37877948899482383,1.3588756321748865,0.09722646947295761
0.9079664604388084,0.6648011020659151,0.10302082884107214,-0.2053740641627831,-0.23699655184274557
0.5781965595530426,1.2871171652059252,0.5672734353141541,1.319508009471426,-0.10927919626617622
0.9739204406159616,0.9520239004382277,0.13028914533790395,1.314720180393159,0.11688265208248656
-0.2792051827499485,-1.3457584865402714,0.4581885931417192,1.2859626703595703,0.09217216188592381
0.9079664604388084,0.7126715684613005,0.05515397389735302,-0.15423298341726174,-0.24131252126624633
0.5781965595530426,0.4254487700889884,0.5829655249117983,-0.0681849472492828,0.2710069482650498
-1.1366069250529396,0.9041534340428423,0.2838760567832723,0.0749810677591382,-0.005299431785789542
1.1058284009702681,-1.4893698857264275,0.6165472462737461,0.07876142584978948,0.20144947158565832
1.1717823811474213,0.7605420348566859,0.5988015810984465,1.2528282078571076,-0.011688881467803355
-0.6089750836357144,0.5211897028797587,0.3381450819211242,1.2937998295093764,-0.2500735139915952
-1.0706529448757867,-1.0106652217725738,0.31077403580918794,-0.3469354642538464,0.06814441182509501
-0.9387449845214801,1.3349876316013107,0.6340026255270197,-0.2561888437517107,0.24376782669404182
-0.7408830439900207,-1.4414994193310424,0.006875250181250515,-0.10951397534041522,0.26280375398126365
0.9079664604388084,-1.2978880201448861,0.21672138464606083,-0.17859864836765493,0.08188605480060461
0.9739204406159616,0.8562829676474568,0.018384346604317724,1.3331369468442453,-0.12899407363330778
-0.9387449845214801,0.7126715684613005,0.24173354685391554,-0.09587040969197194,0.10420640614865949
-0.8727910043443271,-1.15427662095873,0.2909267681465473,1.3801477950982288,-0.056358310596186414
0.31438063884443007,0.5690601692751442,-0.00628992901179499,0.0024339777330448674,-0.19018490264740692
0.9079664604388084,0.8084125012520714,0.3570721286177491,1.2760544381643426,0.19746550453070727
1.1717823811474213,0.9041534340428423,0.4068795440815979,1.3366045459319118,0.13936713124818878
-1.0046989646986333,-0.9627947553771883,0.24941935782504474,-0.17292155341683405,0.24015050679260747
0.8420124802616555,0.9041534340428423,0.39175783835398253,0.05817444406381515,0.17022638295969908
0.9739204406159616,0.9998943668336132,0.5095702541665299,1.3078859890462433,-0.0620942269876965
-0.8068370241671738,-0.7234424234002611,0.2525330802836214,-0.4344856411387198,0.08084410081109143
0.9739204406159616,0.9998943668336132,0.2899157101821335,1.340527577705985,-0.21602947706584205
0.9739204406159616,1.0956352996243834,0.5964268051237968,1.3162365595885959,-0.04095935142543529
1.2377363613245744,-1.2500175537495006,0.43476778966852575,1.332195993848838,-0.07676976443628217
-1.202560905230093,-0.9149242889818028,0.26672847905793085,1.295710909671677,0.1439102608884741
1.2377363613245744,-0.7234424234002611,0.3600032214028782,-0.30490265979800263,-0.07826458880993144
-1.1366069250529396,0.7605420348566859,0.5212103921450917,1.3303222300947013,0.2155004096849066
-0.8068370241671738,-0.5319605578187199,-0.05305185471108095,1.3261489093708143,0.1736192733965753
0.9739204406159616,0.8562829676474568,0.440310128021382,-0.13810633856119375,0.266240347195031
-0.9387449845214801,0.9041534340428423,0.5563302766798314,1.2521048552253857,-0.03821650544926949
-0.9387449845214801,-1.393628952935657,0.6088395736827458,1.3797744164243673,0.004734628926706655
-1.0706529448757867,-0.2447377594464072,0.3007201236002244,-0.17957132842778653,0.01211288021277722
0.9079664604388084,-0.8191833561910319,0.4885062672708395,-0.09283424952584232,-0.002769394045776588
-0.6089750836357144,1.143505766019769,0.4029457965923131,1.39596995271652,-0.047892177463277924
0.9739204406159616,0.8084125012520714,0.45917493069586146,1.281683252660197,0.06814441182509501
-0.9387449845214801,-0.8670538225864174,0.5628654649965777,1.305507111739039,0.13385275407177058
0.5781965595530426,0.9998943668336132,-0.28211290649119003,1.3026571563455795,0.00843921198100337
-0.7408830439900207,1.143505766019769,0.5145679819186414,-0.03809767583558332,-0.006569924312801228
0.9739204406159616,0.8562829676474568,0.4764127566685451,-0.15096932798840051,-0.1256463361688934
0.9079664604388084,-1.0106652217725738,0.3412346316384116,0.05434597226604551,0.20931084754602472
-1.0046989646986333,0.9041534340428423,0.5353063124442995,-0.1608222346478307,0.25233001598160915
-1.0046989646986333,0.8562829676474568,-0.30581406756866025,1.356925494202651,-0.028748928619970724
-1.0706529448757867,-1.15427662095873,0.8715447400226796,6.304062851916056,1.0161531623558115
-0.8727910043443271,-1.393628952935657,0.9640454199744344,5.339813501304873,0.8697958796761392
1.2377363613245744,-1.2021470873541151,1.0830266019212034,6.422686389692,0.9830301150193657
-1.202560905230093,-1.2978880201448861,0.974859197540546,5.115433504172095,1.172322153287337
-0.9387449845214801,1.3828580979966962,0.9911646297788261,5.137313277524729,0.7245133374022726
1.0398744207931148,1.0477648332289986,1.0157150122078138,6.444938667533126,1.2537341964593558
1.1058284009702681,-0.9149242889818028,1.0634223918699908,6.44962830317251,1.4335119469932063
-0.9387449845214801,-0.8670538225864174,1.0186617152400435,6.433957640729783,1.465680549814402
-0.6089750836357144,1.1913762324151544,0.8713173907477324,6.403753181245739,1.4376938429260144
-0.6089750836357144,-1.2021470873541151,0.8992664530551912,5.139384121127971,1.3513423563368367
0.7760585000845023,-0.9627947553771883,0.9094721874582968,6.487099159378604,1.3628326433530868
1.2377363613245744,0.8084125012520714,0.92677734666318,5.128081464527078,1.4708132602450075
-1.0706529448757867,-1.3457584865402714,1.0784722924750159,6.438100893538717,1.046492335350299
-1.0046989646986333,1.0956352996243834,0.9648284613274547,6.348316864744616,1.1755447095980498
-1.0706529448757867,-0.5798310242141053,1.0648506757894645,6.410211344771182,1.0255252605733955
-0.6749290638128675,-0.8191833561910319,1.074707674644773,6.493448129087577,0.6153264650080662
-1.268514885407246,-0.9627947553771883,0.8804471069582039,6.466054977889842,0.7845344667561861
0.9739204406159616,0.7605420348566859,0.9890429273138859,4.970367341099446,1.1048106394490564
-1.0706529448757867,-0.9627947553771883,1.0747936169246284,4.951194276924063,0.8203712460926217
-0.8727910043443271,-1.0106652217725738,0.9092170375381702,5.060229009116096,0.6757338209504241
1.2377363613245744,0.5690601692751442,1.0581781342256937,6.4325320264192145,1.024670335215125
1.1058284009702681,1.2871171652059252,0.9715658439534177,5.107248428193848,0.6024378332330654
-1.1366069250529396,1.143505766019769,1.0269933689560737,6.446585718746068,0.9218593245115477
-1.3344688655843993,-1.15427662095873,0.9570582860904147,5.144394047844641,0.7526074205135302
-0.8727910043443271,-0.7713128897956465,1.0604835404384023,4.808428657812392,1.2684526110288386
-1.1366069250529396,-1.1064061545633446,1.0550942950465703,6.449434330353573,1.1637601070695958
0.9079664604388084,-1.2978880201448861,1.0662848993877179,4.92888180455577,1.477812640875925
0.8420124802616555,-1.058535688167959,1.0317451136192495,5.090994180436585,1.1721472872055716
1.1717823811474213,-1.058535688167959,0.9082347050074271,5.1446737382610515,1.0275946217835294
-1.0046989646986333,0.8084125012520714,1.062161632866755,6.456928494962515,1.3776643329222755
1.1717823811474213,-0.7713128897956465,0.879072547528408,6.4456703507865045,1.1595508202575655
-0.6749290638128675,-1.2021470873541151,0.970796310985745,5.169011471893756,1.2977415720231236
-1.268514885407246,-0.5319605578187199,1.0743525698766658,6.454798625900652,0.8961059507800171
-0.7408830439900207,0.9041534340428423,0.8797051500921638,6.369230965039076,1.1388229190937258
-0.8727910043443271,1.0477648332289986,0.9391743057855787,5.2886158020823455,0.6469981159255809
-0.6749290638128675,0.8562829676474568,1.053794422124758,6.43768749455309,1.3802883090310276
-0.8068370241671738,-1.393628952935657,0.882981206959225,6.451142806163162,1.172322153287337
0.8420124802616555,1.3349876316013107,1.030063252511872,6.426495178944246,1.4080111564660183
-1.0046989646986333,0.6648011020659151,0.8826920563161323,6.43735871150379,1.0836223027955814
-1.0046989646986333,-0.5798310242141053,0.9825037381791201,6.429614053000861,1.2807858245001005
-1.202560905230093,-0.6755719570048762,0.9348655293326961,5.1512266395195265,1.1496311108992756
1.1717823811474213,-0.8670538225864174,0.9748288555675145,6.430924006095825,1.4607143614639695
-0.8727910043443271,0.8562829676474568,0.8873513742794866,5.067715206894921,1.2262275560956817
-1.0706529448757867,-1.2500175537495006,0.9071204395057354,6.421867442606062,0.6552802514089469
0.9079664604388084,-1.2978880201448861,1.049841874798868,5.194009861757926,1.4284113478891298
1.3036903415017274,-1.15427662095873,1.0820233226710103,6.370826857914452,1.0049181277577202
-1.0706529448757867,-0.7234424234002611,0.8793825462177122,4.996481681470739,1.4486084945189648
-0.7408830439900207,-0.7713128897956465,1.0144254029167967,5.232946660275277,1.3983877957057174
-0.9387449845214801,0.7126715684613005,0.8621960251404349,6.4144201199248565,1.333645455610036
0.5122425793758896,1.0956352996243834,1.0317683764401155,5.226964609959181,0.8677053714893928
1.1717823811474213,0.9041534340428423,1.0002948973564134,4.94055897080537,1.4503318568359245
-0.8727910043443271,-0.6755719570048762,0.9679375355735998,6.4218986201850505,1.0069591646450446
1.1058284009702681,1.0477648332289986,0.8480271754234538,4.830186204307449,1.3612988545137792
-1.0706529448757867,0.8084125012520714,0.8864890757601174,5.01821369923059,1.4154203113939479
0.8420124802616555,-0.48409009142333437,1.0548032037345692,6.458655707923926,0.6786946874501312
1.1058284009702681,1.143505766019769,1.008844959300171,5.050364253384034,1.388763266463422
-1.202560905230093,0.9041534340428423,0.9366441014422943,5.024723433855352,1.0108869460634267
-1.0706529448757867,-0.8670538225864174,0.9292031123386991,4.977916623139151,0.7638039893250007
1.0398744207931148,1.0477648332289986,0.8644706203092476,6.303721315021829,1.474876771856197
-1.0706529448757867,0.8084125012520714,0.871969941996874,6.449464816732502,1.484358379966303
-0.9387449845214801,1.143505766019769,0.9290222902211364,6.4626207166880025,1.197547865333145
1.3036903415017274,-1.0106652217725738,1.0391704970420632,6.382422486489916,1.3232838485297826
-1.202560905230093,-1.2021470873541151,0.9294772692798093,6.344985535843747,1.3063354188532843
0.9739204406159616,1.3349876316013107,0.8994207534956421,6.3871372942669336,1.0498532929144468
1.2377363613245744,-0.8191833561910319,1.0428500246983914,6.425644168401864,1.1550282270081202
-0.7408830439900207,0.9520239004382277,1.027926236310354,6.400301230881816,1.0385093634952387
-0.7408830439900207,-0.8191833561910319,0.868579469343633,6.393986581114373,0.792270756152924
0.9079664604388084,-0.9627947553771883,1.0622418292521976,5.066246914901211,0.8615507326264847
0.9739204406159616,-1.058535688167959,0.8713274997705144,5.0801287431656705,0.9385250410749175
-0.7408830439900207,-0.9149242889818028,0.9645528343111379,6.4558551396066335,1.4509821845864364
-1.268514885407246,-0.9627947553771883,0.8826777886869567,6.398586043038036,1.283781956037734
-1.3344688655843993,1.0956352996243834,1.0071489611851814,5.01457657533248,1.2989233857665963
-0.9387449845214801,1.143505766019769,0.8523806519516077,4.937517400832389,1.4386496082928755
1.1058284009702681,0.8562829676474568,1.0833785792149877,6.411671832891075,0.94545786711276
0.7760585000845023,-1.1064061545633446,1.0705074715958298,6.492593458332411,1.2585035919988723
1.2377363613245744,-0.5798310242141053,1.0000673870661072,5.030191155488155,1.3980738349019268
-1.0046989646986333,1.143505766019769,1.0483730113360388,6.434662619146963,1.2406824260228169
1.0398744207931148,0.5690601692751442,0.9597496200764294,6.512083514067611,1.3803973026822542
1.1717823811474213,-1.2500175537495006,0.8932958825065058,5.101113833048274,1.2800335945841608
-0.9387449845214801,1.3828580979966962,1.071997764897375,4.995723028406659,1.297215301362653
1.1058284009702681,-0.5319605578187199,1.0423470073431715,6.422978788689235,1.001709941608578
-1.202560905230093,-1.3457584865402714,1.0524916939332796,6.434331183298438,1.13484323962094
1.3036903415017274,-0.9627947553771883,1.0409099846191388,4.907230022008923,0.642652321946325
1.1717823811474213,-1.1064061545633446,1.0045766555119744,5.01602041110219,1.1849033387232408
-0.6749290638128675,1.2392466988105397,0.9213190590862719,5.097194491304457,1.3836005351599037
0.6441505397301959,0.9998943668336132,0.8696900414807551,6.4148762585429,1.474260825826193
1.1717823811474213,1.0477648332289986,0.9657153111921615,6.40946518971444,1.4148160211754433
-1.1366069250529396,-0.8191833561910319,0.8776129642578394,5.041924598828191,1.3155862014615158
0.8420124802616555,-0.9149242889818028,1.0739193374038525,6.44329469410655,1.4716555425367006
-1.0706529448757867,1.143505766019769,1.016610002957074,6.50110069199883,1.4613948769110547
1.0398744207931148,-1.1064061545633446,1.0322226782950794,6.392312432681299,1.3891907735181948
1.1058284009702681,-0.9627947553771883,0.8839012889157287,6.367732121848278,1.1974653101795876
1.3036903415017274,1.143505766019769,1.0752851769192315,5.0378427185357975,1.1928173371601578
0.6441505397301959,1.0477648332289986,0.9387260037049828,6.395588684479382,1.4311875749622958
1.1717823811474213,-1.15427662095873,1.0235216270348442,5.039476736594626,1.3684672442103454
-0.8727910043443271,-1.2500175537495006,1.0718898742387204,5.166891519634681,0.7196516054381309
0.7101045199073491,0.9998943668336132,1.070970139712335,6.455916849473093,0.9758497915621874
-0.9387449845214801,1.143505766019769,0.8576459292271126,6.46354904477938,1.365546253723052
-1.0046989646986333,0.7605420348566859,0.8676595530049955,5.127812995236076,1.2763220707768876
0.9079664604388084,-0.6277014906094908,0.9325152806350273,5.417300897892204,0.8711840569558797
1.2377363613245744,-0.6277014906094908,1.0000200663091796,6.461586354595797,1.0907288536475699
1.1717823811474213,0.6169306356705296,1.0472207711864276,6.428967247053072,1.3664470860722935
1.0398744207931148,1.143505766019769,0.8898225424919276,5.073216903841553,0.9117064359505579
1.1058284009702681,0.6648011020659151,1.0668659076286457,6.475268104554263,1.348890816600025
-0.7408830439900207,1.2392466988105397,0.9918136448872769,6.377204000479227,0.9678554984320579
-0.8068370241671738,-1.15427662095873,0.9064628401013708,4.88887230673278,1.3881212264540588
-1.0046989646986333,1.143505766019769,0.9547007646300099,4.948677437975381,1.146026852527948
-1.202560905230093,1.1913762324151544,1.0706074080743082,4.890951312734678,1.372535435819994
-1.0046989646986333,-0.9149242889818028,1.0097916314341455,5.198847771897031,1.0870307909970154
1.1717823811474213,-0.9627947553771883,1.0505645450109395,4.992031364234637,1.0285650831411146
-1.0046989646986333,1.2392466988105397,0.9129702994434528,6.45966943195876,1.0920945460960874
0.9079664604388084,0.9998943668336132,0.9739519855128916,4.923136186863298,1.120033779084642
1.1717823811474213,1.2392466988105397,0.9919128717256129,6.48031482861345,1.3511094636690293
-0.8068370241671738,0.8084125012520714,1.0029065720512735,6.384300441549577,1.173369893619407
-1.0706529448757867,-1.0106652217725738,1.0450264502438655,5.286192011202968,1.310250841129524
-0.8727910043443271,-1.2021470873541151,1.0776894330815523,5.020171649296385,1.0170247727339925
-0.9387449845214801,0.18609643811206122,1.0107642206568404,4.919312114931524,1.2666218567538248
0.9079664604388084,0.8084125012520714,1.0375282080115593,4.9962246310925815,0.7609201646430545
-0.8727910043443271,0.5211897028797587,1.076077237088805,6.389374562780146,1.4367359979984051
-0.7408830439900207,-0.8670538225864174,0.979574727705682,5.037666517584956,1.0715902810632059
0.8420124802616555,-0.8191833561910319,1.053379701006029,6.4147679215078,1.103177148316754
1.3696443216788807,1.143505766019769,1.0175654958258151,4.922922380848641,1.298332875476772
-1.0046989646986333,1.0477648332289986,1.0204608997060582,5.260989899538711,1.3774449606217072
-1.0046989646986333,0.9041534340428423,0.9006888751974945,6.373382742756551,0.6937263036043847
1.501552282033187,1.1913762324151544,1.057497303505738,5.371962542456773,1.371368980976143
1.1058284009702681,1.0477648332289986,1.0431943824200967,6.397980218419965,1.412238493221069
-0.8727910043443271,1.3349876316013107,1.0430086191516321,6.508627824208071,1.0715902810632059
0.9079664604388084,0.7605420348566859,1.0374076740244398,5.018790707760681,1.3172874967280814
-0.6749290638128675,-1.2500175537495006,0.9997698281640279,6.440537906546819,1.4266488774764867
0.9079664604388084,1.0477648332289986,0.9754795734223347,6.405878195219982,1.2256858354532894
0.9739204406159616,-0.9149242889818028,1.002105017604304,5.140260418494375,0.8421831230067096
0.8420124802616555,1.0956352996243834,1.0566013531462475,5.33637307027072,1.4567006752225995
1.1058284009702681,-0.7713128897956465,1.002436908892266,5.314839425764076,1.138917236256391
1.4355983018560339,-0.8191833561910319,1.0805418783708869,6.450118426753676,0.9061409338206083
-1.0706529448757867,1.3828580979966962,0.9763891022869784,4.942971028953977,1.1440738056029924
-0.8068370241671738,-0.7713128897956465,0.933705196384803,5.033411001928516,1.0569538558013585
-0.5430211034585611,-0.8670538225864174,1.0703629030093207,4.999631414627206,1.4283136177621762
0.9739204406159616,-1.15427662095873,0.9027948580042653,5.10748898199751,1.1919821531588368
0.7760585000845023,0.9520239004382277,0.9119624304909092,4.897562736969875,1.4011514344910243
-1.0046989646986333,0.9520239004382277,1.0762823476934527,6.346134761713957,0.7675468631023811
1.1058284009702681,-0.8670538225864174,0.9494956102412311,6.466355345975852,0.7369081564094486
0.9739204406159616,0.7126715684613005,1.0000009942547268,5.122342133755646,1.4839278837897554
1.2377363613245744,0.6648011020659151,0.8566027856725908,4.969374907004018,1.3228493645346422
1.0398744207931148,0.5690601692751442,0.9465144871709624,6.3557897664515375,1.0905183705667945
-1.1366069250529396,0.9998943668336132,1.0409732529171,5.053046070442977,1.399902124379621
1.2377363613245744,1.2871171652059252,0.8707920871108596,5.045127033331197,1.4328352719619968
-0.8727910043443271,0.8562829676474568,1.069461321272817,6.312153097081728,1.4680981465721028
-0.7408830439900207,-0.5798310242141053,1.007268199747652,5.140407919793929,1.115879745809997
-0.7408830439900207,-1.0106652217725738,0.9522462611415908,5.076298376501942,0.8464187478869183
0.8420124802616555,-0.9149242889818028,1.0224335225155265,5.0531598798469135,1.014905003438994
0.9739204406159616,-1.0106652217725738,1.0393823978024572,5.102330142375418,0.9668807779688849
-0.9387449845214801,0.8084125012520714,1.0812787684381624,6.404104224333185,1.4035360807285397
1.1058284009702681,0.7126715684613005,1.0525235049757424,5.217414888603308,0.9552989488897077
1.1058284009702681,0.6648011020659151,0.8588768276141601,6.4780991034135855,1.0771593725994257
-0.6089750836357144,0.6169306356705296,1.0607710738440441,6.4570386613954645,1.3628326433530868
-1.0706529448757867,-1.15427662095873,0.9943913969889547,6.408258014508147,1.4833244810155546
1.2377363613245744,0.7126715684613005,1.045818227806906,6.347129745248448,1.4826770589344713
0.9739204406159616,-0.9149242889818028,1.0052834438601514,6.434863874310992,1.3811051044073888
-0.8727910043443271,0.7605420348566859,1.0725057588783813,5.037933832404913,1.3527951507219864
-1.0706529448757867,-1.0106652217725738,1.0383434623043672,6.485897593546789,1.2460383936708117
0.5781965595530426,-0.6755719570048762,0.9134963832277285,5.108778452996571,1.1595508202575655
1.3036903415017274,-0.9627947553771883,0.9971077028955937,6.450419994984453,0.900342052759825
0.7101045199073491,-1.0106652217725738,1.0578325034787448,6.466318279174707,1.2326767348841394
-0.8068370241671738,0.9041534340428423,1.0844909166918366,5.089412235120555,1.190390924993179
1.0398744207931148,0.8084125012520714,1.0789590344113198,5.186067513020221,1.0675054020645598
-0.7408830439900207,0.9998943668336132,1.0471173895607238,6.46636557883159,1.3873709943831622
0.9079664604388084,-1.15427662095873,0.9884855459704371,6.435993415220543,1.4776379136043096
1.0398744207931148,1.2871171652059252,1.0348572682701074,6.441366796858311,1.2878350031269066
-1.4004228457615524,-0.7234424234002611,0.914784280926898,5.238063385233369,1.3158386604534131
-1.202560905230093,-0.9627947553771883,0.9472574563442365,4.918355249163825,1.4364482376514847
-1.0046989646986333,-1.2021470873541151,1.0765233018819018,6.423554360996054,0.9696599876733414
-1.0706529448757867,-0.8670538225864174,0.9500682151092519,5.038083171683562,1.2425495310145893
-0.7408830439900207,-0.5798310242141053,0.9268698394978039,5.171238696378392,1.2715335708959463
-0.8068370241671738,-0.48409009142333437,1.0318238367730133,4.990912405901763,1.0782431381764666
-0.6749290638128675,-1.15427662095873,1.0304180378364145,6.500826253111826,0.7223321998848025
-0.8727910043443271,1.574339963578238,0.9414467004611913,6.384351436610462,1.3995892420956213
-1.1366069250529396,1.1913762324151544,1.0805824814139597,6.360492396095374,1.46639825994697
-1.1366069250529396,0.7605420348566859,0.9760608544481284,6.474166916152439,1.0206174577355636
1.1717823811474213,0.8084125012520714,1.0340779376014366,5.205652250395518,1.3257584214034042
-0.9387449845214801,-0.9627947553771883,0.9651772732884795,6.47577099616655,1.0320651797958131
-0.8727910043443271,-0.7713128897956465,0.9029291410546454,6.44561723846251,1.2804440611454186
-0.8727910043443271,0.6648011020659151,0.936220298573625,6.425059462134697,0.9207771194062696
-1.0046989646986333,-1.15427662095873,1.0848059836294095,5.128590805056246,1.474876771856197
1.0398744207931148,-1.0106652217725738,0.8492424756217173,4.899149644316551,1.0546758411189068
-1.0706529448757867,0.6648011020659151,0.9929822103677141,6.382671887241606,1.1181594274024549
-1.0046989646986333,1.0956352996243834,0.9947513196178676,6.456652338736106,1.3857590359542835
1.1717823811474213,1.143505766019769,1.0274783665685212,5.0415626364464945,0.945896702857744
-1.1366069250529396,0.7605420348566859,0.9272862162882013,5.207659638551667,0.9731095066165514
-0.8068370241671738,1.0477648332289986,0.9053273114719507,4.945266064103666,1.032185377845722
-0.8068370241671738,-0.6755719570048762,0.8544042919172469,6.481186509352716,1.264712595936609
-0.8727910043443271,-0.7234424234002611,1.009828664951355,6.309466028837453,1.279142935247477
-1.1366069250529396,-1.2978880201448861,1.0296915784967668,6.440663034232342,1.3992761372779734
0.9079664604388084,-0.6277014906094908,0.8727336292689518,6.4667678928050485,1.3480119475617527
-0.9387449845214801,-0.7234424234002611,0.8734273526091864,6.529700797663805,0.7918560360515452
-0.9387449845214801,0.7605420348566859,0.9601393947046206,6.241930049781949,1.4685889964436047
0.8420124802616555,1.0477648332289986,0.9691637263821052,5.042048022089933,1.457844653193562
-1.202560905230093,1.0477648332289986,0.905443639882471,6.479877442407535,1.231149763685984
0.8420124802616555,-1.1064061545633446,1.079309329269621,6.43785404470389,1.4597143653900693
0.9079664604388084,-0.6277014906094908,1.009390259301694,6.458356418208736,1.0930375497163427
0.7101045199073491,-1.2978880201448861,0.8559977851808582,5.045426967259628,0.8891757233600345
-0.9387449845214801,-0.9627947553771883,1.0736752684124262,4.964390125479696,1.3777191589208588
0.7101045199073491,-1.4893698857264275,0.9611076162327497,5.02150932858844,0.9954839047031916
-1.0706529448757867,-0.5798310242141053,1.0770960391698707,5.227259579628107,1.4141604360132478
0.7101045199073491,-0.8191833561910319,0.9552778347619253,5.299292143153622,1.4516778998790865
0.8420124802616555,-0.6277014906094908,0.849813509347136,5.142442549886713,0.7448277679138616
-0.9387449845214801,-0.8191833561910319,0.9991554879760423,6.468307498036538,1.372202478268469
1.0398744207931148,-1.2500175537495006,0.8955533264216055,6.464392752088431,1.3973928173786285
-0.8727910043443271,1.0477648332289986,1.0778774119149594,6.369860393582374,1.4061649150854725
0.9079664604388084,-1.0106652217725738,0.9172054052900583,6.410832171580903,1.1852430187980074
-1.0706529448757867,0.5211897028797587,0.9399134280695997,4.867356632223425,1.4336085300026014
-1.0046989646986333,0.8084125012520714,1.072300370203364,4.943596744385762,1.4063190646131831
-0.6089750836357144,-0.7713128897956465,1.0624410727342515,6.461652913987494,0.6181058696776693
0.8420124802616555,-1.15427662095873,0.9796753706416447,5.016822037334494,1.3912157817483497
-1.4004228457615524,-1.393628952935657,1.0755138546971954,6.3933546683745295,1.3330997592113263
-1.202560905230093,-1.058535688167959,1.0218740269800344,5.121652447181586,1.0964780495767066
-1.0706529448757867,-1.15427662095873,0.8519899278212775,5.040744790730921,1.2587191597931362
1.1717823811474213,0.8562829676474568,0.8698331146188485,5.290039338169747,0.6942445206801836
1.3696443216788807,0.9041534340428423,0.9875926139029709,6.44660942919003,0.8900064942332269
-1.1366069250529396,-0.9149242889818028,0.8922859650034324,6.449883621937367,1.2209366963436827
1.501552282033187,-0.9627947553771883,1.03382595990628,5.025172894595559,0.8217302670111344
1.3036903415017274,-0.9627947553771883,0.8518440330635833,6.435064453499311,1.218975428932119
0.9739204406159616,1.0956352996243834,1.005708507408357,5.211704405859886,1.4786852384957292
1.1717823811474213,0.9041534340428423,0.9597228551830921,4.936577318915486,1.3204832253883156
-0.7408830439900207,-1.15427662095873,0.916106304480785,6.371085387427774,1.3274209290910752
-1.0706529448757867,1.1913762324151544,0.9260787660397943,6.509261778251675,0.9210865924278411
0.6441505397301959,-0.5319605578187199,0.9427705462545479,5.02480008069586,1.38683433046804
-1.0706529448757867,-0.8191833561910319,0.9245783629939427,5.167439902052514,0.6789628722619927
-1.0706529448757867,-1.0106652217725738,0.9062736020463071,5.0431526209318704,1.383059252225541
1.1058284009702681,-0.8191833561910319,1.0076442372563565,6.368613991348051,1.4733794052593279
-0.8068370241671738,1.0956352996243834,1.0027506606843237,5.172981956133653,0.6751933354865152
-0.9387449845214801,-1.393628952935657,1.0165147520410767,6.476370981752424,1.4447649352743759
0.9739204406159616,0.7605420348566859,0.9719275486063942,6.4493017636453285,0.9679945682026206
-0.7408830439900207,-0.9627947553771883,0.8493912575754785,6.378869749833964,1.2775627254873418
-0.9387449845214801,1.143505766019769,0.9993293413281911,5.086499221545916,1.3874246248096227
-0.8068370241671738,0.7126715684613005,1.0376700571027686,4.87862696613609,1.4378851620750737
0.9739204406159616,-1.15427662095873,0.9618993227292094,6.357622208864655,1.277011755008593
0.9079664604388084,0.6648011020659151,1.0489864709608492,6.4794125625783385,1.4277267809433642
-0.6089750836357144,-1.393628952935657,1.0422622102760164,6.399545333770213,1.2275403947207844
-0.8727910043443271,0.8562829676474568,1.0468997304228245,5.042327083103798,1.1872756135057785
-0.5430211034585611,1.0477648332289986,0.863415118150658,5.087279052399062,0.7729939179348468
-1.202560905230093,0.9998943668336132,0.9680988438500248,6.397757671922419,0.8500690619615116
0.9079664604388084,-0.7713128897956465,1.0450296036885518,6.427238194383685,1.1290948399231868
-0.6749290638128675,-0.7234424234002611,1.0455357279298427,4.768809754416025,0.9230928814799592
0.9079664604388084,-0.9627947553771883,0.8638110300419429,6.480138176793924,0.6239165005777778
-1.202560905230093,0.9041534340428423,0.8672015737351851,5.083144931028867,1.4138070238163456
-1.0046989646986333,-1.0106652217725738,0.9497439650777728,6.475263854190886,1.2622965023704031
0.9079664604388084,-1.1064061545633446,0.9780139060343984,5.053327866486748,0.8689260407149034
1.1058284009702681,1.3828580979966962,1.003752517696057,5.056005569858374,1.1349384131928286
0.9079664604388084,-0.9149242889818028,1.0641599805384026,6.382179005196843,1.4639262135789235
-0.9387449845214801,-1.2021470873541151,0.9657205526302604,5.275693404547112,0.8645508769444441
0.9079664604388084,-0.9627947553771883,1.0831839868866198,4.89588028987327,1.4248300665439022
0.8420124802616555,0.9520239004382277,1.0810895117470118,5.188375304788607,0.9577252254272353
-1.202560905230093,-1.4893698857264275,0.9783713769391753,5.202070887310596,0.8471512361674857
0.7101045199073491,-1.0106652217725738,1.050861718762609,6.3751787265075865,1.2640743311134846
-1.0706529448757867,1.2392466988105397,1.0801306968185311,4.978808769795454,1.1613469278288753
1.1717823811474213,-0.7234424234002611,0.8693653197936336,6.3662022004966525,1.3580431996835969
0.3803346190215831,1.0956352996243834,1.0830532794340302,4.991955947130705,1.3059484075272112
1.0398744207931148,1.0477648332289986,0.9805445056010185,4.883852363461247,1.3881212264540588
-0.8068370241671738,0.8084125012520714,0.9583759535171682,4.988004536693195,0.9508398400225605
0.9739204406159616,1.3349876316013107,1.0423212682785745,5.0376554945319825,1.417478733295317
0.9079664604388084,-0.6755719570048762,1.03702964313296,6.365303243219142,1.4058050228043613
-0.7408830439900207,0.6169306356705296,0.9630528344456077,5.021235119814235,0.6564104840068122
-0.9387449845214801,-1.15427662095873,0.9463747367586551,5.167544976287716,1.4164256220730262
-1.1366069250529396,-1.393628952935657,0.9287771577606377,6.374218862022256,1.390417548791557
0.9739204406159616,0.8084125012520714,1.0139930122891767,5.118813957241737,1.2203884216557161
1.2377363613245744,1.0477648332289986,0.9944316974175945,6.41265439005776,1.1227815164808164
-1.0706529448757867,1.143505766019769,1.0478008284609692,6.501185246987652,1.2986610345341265
-1.0046989646986333,0.6648011020659151,0.9921737226766543,5.080104714277182,0.594064604047965
-0.4111131431042549,1.143505766019769,0.8749775298104934,4.987429338607273,1.2726485953452853
-0.477067123281408,1.1913762324151544,0.9208571540039983,6.454036679485558,0.9061409338206083
0.9079664604388084,0.9998943668336132,0.9093728375177442,5.064326112449083,1.343057590632094
0.9739204406159616,1.0477648332289986,0.933186761215552,5.125897926417531,0.8535090472820472
-1.0046989646986333,-1.1064061545633446,1.0676078168854362,6.460486382058713,1.1302505404908232
-1.268514885407246,0.9998943668336132,0.9528687827980314,6.4461752561396315,1.0431055205830269
-0.8727910043443271,-0.7234424234002611,1.0690293121002652,6.455126682891061,1.1586500109498878
-1.3344688655843993,0.5211897028797587,1.0723301197478046,4.973531030111987,1.2229671876552282
0.8420124802616555,-1.058535688167959,1.0203646565719884,6.495312416101665,1.2216406190654883
1.1717823811474213,-0.8191833561910319,0.9211132124962067,6.4524998246969645,1.0160285055929636
1.1058284009702681,-1.1064061545633446,0.9869036365402524,5.0247518688502275,1.2069399135821537
-0.9387449845214801,0.5690601692751442,0.8925051897569072,6.362635435249032,1.4648717248046967
-1.0046989646986333,-1.058535688167959,0.8996604680619146,6.370013691808216,0.8784010276850922
-1.0706529448757867,1.143505766019769,0.9836215503342675,6.444503292712174,1.3008860522143837
-0.6089750836357144,-1.2500175537495006,0.850698984413887,5.032745148037938,1.416375411025917
1.0398744207931148,1.1913762324151544,1.0167928634719938,6.407082264626137,0.8015001372752363
-1.3344688655843993,-0.7713128897956465,1.0039442003161354,5.2599812431211665,1.1738928301549303
-0.7408830439900207,0.9041534340428423,0.870591730286964,6.341765962730527,1.2174789999492017
-1.268514885407246,0.7605420348566859,0.9345653306882656,5.135837849517323,1.380560742578342
0.9739204406159616,0.9998943668336132,1.0823071712564662,6.424571789863045,1.4270901570362406
-0.9387449845214801,-0.6755719570048762,0.9345212595784971,4.965024553812086,1.3273594665632191
1.3036903415017274,0.9998943668336132,0.9286705596840502,6.444331763771095,0.6911260281467726
0.7101045199073491,-1.15427662095873,1.0245769860717564,6.42510796296119,1.2746624067751113
0.7760585000845023,1.4307285643920815,1.0714035879213073,6.341893351924468,1.3303000309398858
0.5781965595530426,0.7126715684613005,0.9350820225972495,6.43010549718529,1.0144047472998707
-1.202560905230093,0.5690601692751442,1.0749410191934765,5.014410457103801,1.073016557604456
1.2377363613245744,1.3349876316013107,0.933895507997942,6.4200879679732665,1.430507314896385
0.7760585000845023,-0.8670538225864174,0.9162153262073055,5.261147621223254,1.0476541870541458
-0.5430211034585611,0.9041534340428423,0.9868828123511297,6.405807103926056,0.7494206666954495
1.0398744207931148,1.478599030787467,0.897596685226973,6.403466196774984,0.8652538317525811
1.2377363613245744,0.6169306356705296,1.0476469321065152,5.4401693486440825,0.7618095090971494
1.0398744207931148,0.7605420348566859,1.017731713987704,6.438452322823798,1.3947109129951472
-1.0046989646986333,-1.0106652217725738,1.0158102721440405,6.4642831166995975,0.5934138643063305
1.2377363613245744,-0.7713128897956465,1.074703637760629,5.1737338083258235,1.409849687303256
0.9739204406159616,0.9041534340428423,0.8671429882775255,5.329154965929628,0.8587082668669965
0.9079664604388084,-1.1064061545633446,0.9693439013671488,6.448477982297147,1.1644725900979573
1.1058284009702681,0.8562829676474568,1.0052968100950783,6.358341139850233,0.6895584584605639
1.3036903415017274,-1.058535688167959,1.0055460872640671,6.403764868918853,1.2933145030010338
-1.268514885407246,0.32970783729821757,0.9608284548824898,5.07550642117536,1.2045090661298365
0.9079664604388084,-0.8191833561910319,0.9058001400118467,5.059230222763757,1.1867683439796413
-0.9387449845214801,1.3349876316013107,0.9525146840969508,6.478170494946138,1.0591071054916217
0.9739204406159616,-1.2500175537495006,0.9149931403419715,5.0262780768820186,1.0864999512425264
-1.0046989646986333,1.1913762324151544,0.9189358546129239,6.437945500808013,0.9403055302767529
1.0398744207931148,-0.6755719570048762,1.0058226619756394,6.391418101880978,1.4314787935098876
-1.0046989646986333,-0.5798310242141053,0.8540416448046301,4.849051985723583,1.341155452733282
1.1717823811474213,0.9998943668336132,0.9127393679115914,6.455374210109652,1.4032775048884738
1.2377363613245744,-0.6755719570048762,0.9164709511662779,6.355743364357318,1.2094377670863257
-0.8727910043443271,-1.3457584865402714,0.847964623810366,6.474635154322362,0.9659038945484019
0.9739204406159616,-0.9627947553771883,1.059487548128928,4.940799020997374,1.357124987164437
0.9739204406159616,1.3828580979966962,0.9621868249529975,6.377036342723627,1.3890305070198323
-1.0046989646986333,-0.6277014906094908,1.0599804231396237,5.346989087060015,1.379633779823516
-0.6749290638128675,-1.058535688167959,0.8633612896487894,6.4446248129578985,0.7042297052764097
-0.7408830439900207,1.0477648332289986,0.850094495653296,5.121023624702779,1.0518116452309774
1.0398744207931148,0.8084125012520714,1.0387229128654558,5.076332836705882,1.4433503281604285
-0.9387449845214801,-0.8191833561910319,0.9251721893957611,6.3515893072189735,0.9684115141107156
1.1717823811474213,1.1913762324151544,0.9446214004879243,6.378897619493632,1.2500130351451857
1.1717823811474213,1.1913762324151544,1.0481574543386378,6.377386262532393,1.2248332110287177
0.9739204406159616,-0.9627947553771883,1.0114392872742264,5.106696240181259,1.2085530533683315
0.9079664604388084,-0.7713128897956465,1.0589483895209024,6.4637580842834215,1.300951323970016
-1.1366069250529396,0.7605420348566859,0.9124217489686005,5.014325656645139,0.849523440712088
-0.9387449845214801,1.3349876316013107,1.0211506230037872,6.428886978841709,1.417779160073393
-0.8068370241671738,0.9041534340428423,0.9334983244337461,6.243756688105243,1.3288934612684173
-1.0706529448757867,0.9998943668336132,0.9553101969040829,6.472559676385582,1.3092272095564268
-1.268514885407246,1.1913762324151544,0.9386323950418455,5.350129289439721,1.2991200466387771
1.1717823811474213,-1.058535688167959,1.0633768031896473,6.459477050868678,1.2397833950329131
1.0398744207931148,0.9041534340428423,1.0299489901990793,5.135895462068931,1.0005492471627866
0.5781965595530426,-0.9627947553771883,0.8942692375388357,4.896959772684456,1.0078491512255363
-1.202560905230093,1.0477648332289986,1.052357826856849,6.425958863847791,0.9957450885465431
1.0398744207931148,1.143505766019769,0.8776372422322656,6.320491769534273,1.4785544590656279
-0.6749290638128675,-1.058535688167959,1.0816266136602126,6.388215998379289,1.431333208317008
-0.7408830439900207,1.2392466988105397,0.9555264556485858,5.1013759051496175,1.3927549400220913
0.9739204406159616,1.1913762324151544,0.8596801222110121,4.978535211863819,1.2993166196963215
-0.8068370241671738,-1.537240352121813,0.9054252073014438,5.1390420426288665,0.8846622664758955
-0.9387449845214801,1.4307285643920815,1.0145385404247493,4.906095710892201,1.3418102400767178
1.0398744207931148,-1.2500175537495006,1.0726101146696312,5.422896313871798,0.9392677869151157
0.7760585000845023,-1.2021470873541151,1.0232728523530414,5.077321405994764,1.3951326858226731
0.8420124802616555,0.6169306356705296,0.8726586578003896,5.131796159154998,1.418978821145239
-0.9387449845214801,-1.0106652217725738,0.8904404591518427,5.123683746445272,0.8833160105182857
-1.0046989646986333,1.0956352996243834,1.068324918550717,5.02536033953744,1.04672495113117
-1.1366069250529396,-0.8670538225864174,0.8501532395998528,5.1066040391578,1.1753711191561098
-0.6089750836357144,-1.15427662095873,0.9138090871614349,6.417518071490823,1.2298476607730555
0.9079664604388084,-0.9627947553771883,1.0279768772591074,6.453245788859237,0.8354705351867703
0.9079664604388084,-1.4414994193310424,0.9145680805420773,6.423298368056441,1.1276459345393626
-0.9387449845214801,0.8562829676474568,0.9915721570448478,4.914681506039153,0.9863768344604512
-0.9387449845214801,1.2871171652059252,0.8660011631572239,6.31898925063468,1.1660714732903772
1.2377363613245744,-1.1064061545633446,0.9363939244303565,5.039324318253486,1.0869246742422398
-0.7408830439900207,-1.058535688167959,1.0021980251664848,6.445460047054694,1.4441996377905264
0.9079664604388084,0.9520239004382277,1.0527536381663265,5.214951149969821,1.3282805046739068
-0.6089750836357144,0.7126715684613005,0.9681909722847847,5.035157155604203,1.2661276577627225
-1.1366069250529396,0.8562829676474568,0.8616074444507805,5.178572183296365,1.4115282885301847
-1.0046989646986333,0.9520239004382277,1.0671545301436087,6.486158667089645,1.3833299768851128
-0.8068370241671738,0.8562829676474568,1.0453910855834054,5.15678775482597,1.1244414565724121
0.9739204406159616,0.8562829676474568,0.9437894853795293,6.425862762769259,1.100509729474973
-1.0706529448757867,0.7126715684613005,0.9991879893364629,6.442839581333537,1.336062622177281
0.9079664604388084,-1.2978880201448861,0.848652756608628,6.360648400911653,1.291784439780935
1.2377363613245744,0.7605420348566859,0.9222645202491443,5.142874179243005,1.2950377601294685
-0.9387449845214801,0.8084125012520714,1.0579114238591931,6.51836366498641,1.2822864391869777
1.2377363613245744,-0.38834915863256353,1.0746366829047824,6.424771046483904,1.1764982354026838
1.3036903415017274,-1.2021470873541151,1.0788319770574362,6.399240874616714,0.827507585558124
-1.0706529448757867,1.2871171652059252,1.0444344942805126,6.464399998862893,1.269435257318659
1.0398744207931148,-0.9627947553771883,0.9331213031241414,4.937619536180272,0.760029019895314
-1.0046989646986333,1.2392466988105397,0.9052414109810288,4.971362475416591,1.2685228728365139
1.1058284009702681,1.0956352996243834,0.9351184752109118,5.276136697103013,1.4198266074209558
-1.268514885407246,1.1913762324151544,0.9388793674523701,5.07687110299052,1.467785502366258
-1.0706529448757867,-0.9149242889818028,0.8539010843024147,6.501121696416194,1.2010012758168835
0.7760585000845023,1.0956352996243834,1.007677380794761,5.213152025798779,1.3006901788607383
1.0398744207931148,-1.393628952935657,1.0609721713821352,6.423191562982393,1.3227872603721558
0.7760585000845023,1.1913762324151544,1.0101744498643856,4.95122680855682,1.4404598655231242
0.8420124802616555,-0.8670538225864174,1.0304503246623202,6.427188159297157,1.1655391571976383
-1.0046989646986333,-0.5319605578187199,0.933046732528926,5.335070760744665,1.275976823049165
1.0398744207931148,0.6648011020659151,0.8810660561135522,6.4581493079506345,1.1383510299338928
-1.3344688655843993,1.3349876316013107,0.8742639349594471,5.073428796123045,1.3705339025941075
1.1058284009702681,-1.3457584865402714,0.9559108446647944,6.431066656563219,1.2976100633275804
-1.0046989646986333,-1.3457584865402714,1.0518451235096191,5.03042730396619,1.4512142118700744
-0.7408830439900207,1.2392466988105397,1.0247593506636568,4.993609865158695,1.2748702072769897
0.9739204406159616,-0.8191833561910319,1.0227655047124544,6.3974253219691635,1.3606724422865395
-0.6089750836357144,1.143505766019769,1.0240146259517133,5.012839017689558,1.3897245741838846
1.0398744207931148,-0.8670538225864174,0.8620259394211235,4.854919249900982,1.2441118026087585
-0.8727910043443271,0.6169306356705296,1.0250061492715805,6.453421961365348,1.230307666410581
0.8420124802616555,-1.15427662095873,1.0703256388454876,5.092089217558601,1.4414096509078471
-0.9387449845214801,-0.8670538225864174,0.9725829843276595,4.9343885932320415,1.4741727631423514
1.0398744207931148,0.377578303693603,0.9798079637312861,4.794710633386024,1.3817574513112347
0.9739204406159616,-0.8191833561910319,0.8507124495309561,6.389475664080123,1.4100025521771995
0.9079664604388084,0.7126715684613005,0.9498802046216263,5.059829681582743,1.0129005589740543
0.9079664604388084,1.0956352996243834,0.9531133012050479,6.5057472051158065,1.1188509068412453
-0.8727910043443271,0.9998943668336132,0.9829464975756824,5.1302060160323535,1.053646876049618
-1.1366069250529396,-1.15427662095873,0.9807528891283868,6.429110571288018,0.9388222898067075
-1.0046989646986333,-1.0106652217725738,1.0483830743163567,6.447763759954652,1.4224592746541516
1.0398744207931148,0.7605420348566859,0.9558552020699073,4.83320396546149,1.3126724690501306
1.1058284009702681,0.9998943668336132,1.0132576677774954,6.3990152476918585,1.393125656132467
0.9739204406159616,-1.058535688167959,0.8767941642789472,5.365533836074553,1.4344286311696928
-1.1366069250529396,0.7126715684613005,1.0308585026793273,5.166986890363808,1.4745249082306664
